ID,MASK_ERROR,WM_PERCENT,GM_PERCENT,CSF_PERCENT,SC_PERCENT,BRAIN_VOL,CEREBRUM_VOL,CORTICAL_GM,WHITE_VOL,SUBGM_VOL,SC_VOL,CSF_VENT_VOL,LEFT_WM_AREA,LEFT_MID_AREA,LEFT_GM_AREA,RIGHT_WM_AREA,RIGHT_MID_AREA,RIGHT_GM_AREA,GI_LEFT,GI_RIGHT,LEFT_INTER,RIGHT_INTER,LEFT_SURF_SURF,RIGHT_SURF_SURF,LAPLACIAN_MIN,LAPLACIAN_MAX,LAPLACIAN_MEAN,GRAY_LEFT_RES,GRAY_RIGHT_RES
0,9.462090827449337,45.39459589679504,56.884327581084044,5.9422197946333934,2.8733854020052347,1166.0265418573263,1114.9994532077612,526.5939769739659,454.2014023505785,78.93077491498589,35.56270533696787,22.285850540039313,80382.53649098608,94201.31321475886,107686.32465289689,102185.93175442226,105471.54920414899,77191.55306334504,2.4344153025279542,2.5237153725533186,79.05696916804186,80.02250862766735,163.03543494961175,79.25832930595121,8.429030969974916,11.013038650758805,10.122329466911795,0.14646174087038433,0.1922046342633844
1,9.074569715806827,51.09974946761683,43.34506420595921,8.451080903697589,2.383648026816144,1765.8053369103145,1317.6541885184165,663.6869895308524,478.0058382586792,70.81196458277458,34.680204738419796,17.65941975386658,98697.50486472112,116834.52288366544,136539.8791321157,89151.03479187921,109617.97101000388,121861.01670451724,2.445454835357442,2.4875710076521447,-0.6214728286469509,36.95483397026368,44.14869029404723,-40.98960719205974,7.412277510344346,10.85571641658126,9.99524574031916,0.00823642880355,0.005773455452796056
2,11.707046945521059,51.04292464678237,49.578822553852916,8.951946799390836,2.921456355775909,1517.6558130420003,1135.1961154485782,531.4288377604751,548.073412998204,92.32831840988877,31.89746932998949,14.50789728199518,109800.76594531487,98939.8015446001,112322.45855355992,108848.13012462787,106189.73777706738,96539.62894983437,2.4022134648485607,2.442102504943442,47.28431755376296,42.18047160812607,38.32683584918157,-8.066454548478404,7.272245224793567,10.812011235368455,9.996186014819338,0.00369898074663099,0.009545288452698922
3,12.818269047117898,42.34401172161227,43.99547137039068,14.350833576869283,2.902357973757202,1262.7090349008113,972.3272757714284,709.8216122186047,521.1929563298128,62.44415866713051,25.176626300937976,11.389480629129611,85180.54586596742,97982.78159033468,95928.16129030832,102263.6383379581,117903.75396474374,100146.89728417137,2.4913326173572106,2.6109219832472217,73.8231687319057,57.780896697642284,-38.48196730836723,63.48869207139709,6.267724848222472,10.848569464223385,10.013450431637098,-0.2324282638152981,0.6181047194218783
4,3.458065864058902,48.35324715322645,46.680680359056375,16.14122612639169,2.9469910031393782,1535.4404443763524,1208.023512782892,446.5133956201737,440.8055557891772,60.56399013122068,32.40125413506177,34.53530173714105,104734.32716601527,100889.09662153867,115590.27962346461,94210.85198227486,92324.11131564644,95401.34520003138,2.412398638137411,2.5942673421144185,-90.5520403904967,27.292159830702502,384.95150126133086,-44.397295199677515,10.852924642272924,10.265844154441718,9.88734395056013,0.10113198569235035,0.12868899701332343
5,9.5887982472394,43.29770997648363,40.89716381740024,9.300163268484646,3.304738851240384,1171.1682831030182,1647.066648174838,682.7829071784226,528.8043840913075,94.89641014424573,43.571098822472216,10.42087498185793,97164.63936691318,100950.2470259339,128663.01867851589,107599.98978976118,109544.04354490782,96094.36295744537,2.510126313927936,2.318689782065954,81.13841057798015,36.67678140880732,18.59101793472459,79.21487385928933,10.096162066935092,10.925337923384884,9.998198920707384,0.008590401372790437,0.00631010397876312
6,12.49108692495361,41.77822993994323,41.117626492979745,10.378244692671078,3.682217090346052,1157.9006007836551,1153.896551481951,556.2113973579903,583.0941528804411,79.6104838307787,41.458594991561235,7.86308320673054,99220.43043651513,101027.43163751245,108378.26563236488,114094.02705216785,104713.93673969043,118302.12189049809,2.3690311337214585,2.5105109054182897,94.60244053582679,74.66984813605713,46.03358496544973,39.43786735354706,-2.4897038231337056,10.754128403720225,10.016713164320127,-0.0015705033344474428,0.2656261436390417
7,10.70091624210424,46.146153730128646,47.54892885249144,10.99054022314448,2.3362557602359555,1583.3993168486609,967.1269932906671,367.5229323701454,623.7477233070869,70.73562521716714,30.915458861590945,8.324825188665514,95033.07996565745,92111.87534317709,111648.68056690796,119151.56050863654,98783.17839608013,109518.4397825929,2.3454526480149283,2.3422757951251847,7.55055046124761,130.29902644454805,207.91022636117557,51.238821289418944,6.415869763474992,11.684434901338834,9.982488397156875,-0.24331268268915648,0.0635346070837733
8,8.881774838032033,44.21966988003025,36.59732136919184,13.51030668394731,2.8829899654873765,1210.2859677883375,991.141837168906,494.67240992723043,436.8001850221694,87.57631660403223,30.67842690604982,33.47476226419238,96054.99380161832,92508.21579803947,100808.1766619417,96678.21140612052,89942.21200728595,113344.8611370414,2.597900502684472,2.5123387301780733,224.52822824136737,44.38008987228818,171.36702842801532,107.79317151007129,4.394641151049205,11.695244339568742,9.919443134226354,-0.14689802895696485,-0.08303873169456984
9,9.569139826434789,46.149913979576894,42.97078626104028,9.466506801622215,3.30840204954473,1504.6216525964903,1185.1114474610733,634.3121808100791,583.4584110923687,47.64960853003022,43.1325647459238,3.360196911981088,100709.60921285114,97384.13119184203,113270.20713742252,112899.17074091636,92987.16318451334,119081.8777824354,2.374902841293596,2.418260300722723,-10.365095963278002,-32.44156568780088,-42.13544333411484,-35.90268470939793,7.495518122552319,10.744292497500059,9.99870108153038,0.009241539461339663,0.007987801546463743
10,6.863008218068209,39.60000965089448,51.09821655816095,5.092305358931647,2.0051994598132037,1172.7657995848188,1344.447131328532,663.8645275413828,568.9387360622027,78.32844393699428,38.30939645697822,20.574155054248962,93862.51737510996,102791.02793406641,85054.60188546363,91212.86374426036,106395.0317090861,112330.78813917056,2.4758744473902348,2.534984845911863,40.43327011405026,15.862201145973,57.9507891561918,-16.92366138067956,8.411408549815981,10.915025716104543,9.99608829289681,0.007041063600139574,0.005886395198662261
11,9.981643829261122,46.316719476775354,36.88294076521986,5.26880721320078,2.5302572131470695,1718.8402936578793,1156.4850652459832,563.3101071231048,392.6909597288095,77.89863908707626,35.682759244348496,11.891721542919148,86764.35575676881,96931.31063251302,113076.8021804738,88404.81348273689,117760.27782895688,131812.32090136915,2.3633676082775437,2.546304350745006,14.668846803386746,23.746037844224976,3.9523848981793925,27.211069917749107,8.333893179914696,10.796250657829441,9.99792900684595,0.005997370030419543,0.00788616320333846
12,8.487824723530837,41.11595264358659,47.823447070339505,5.079152173596919,3.0009993336807925,1490.4438921684282,1311.4743355838773,729.8262010161669,654.1063967988804,42.292273634966925,30.9657476562994,24.03119077111454,94405.08883179042,93425.28580612862,104279.02989637073,106749.1517465005,104027.75699605621,116916.15203093899,2.4041077556500534,2.4386507056523854,13.145868419554493,38.41638996822544,27.292677546320977,36.12379344117646,8.63931768511287,10.83500735098912,9.99670116098253,0.00952892569221128,0.004564069017246056
13,10.015647655027246,38.43720386357305,48.065843235550204,9.06297076171266,2.1250330091757554,1630.5711363761461,1183.1249279727522,566.7139066427601,379.58592819799765,55.68570907902158,29.605573823835037,11.00295803655716,90446.14190826274,113108.12857030574,111645.21413459939,95764.42978793712,94633.36781349567,113208.46112172048,2.3426037564991304,2.3826478073337936,61.17125729395178,102.89611434108548,10.999533775816417,1.5459681726998866,4.171483057265206,12.440810081183649,9.876096864408277,-0.10269137908469628,-0.4660159100580063
14,11.390695071858973,42.9738692153351,47.82469395090677,16.430438182081772,3.54726336625985,1258.4768890667835,985.470299517399,489.8295488641086,519.5539647361546,70.92148521236459,38.13287355216972,12.123406947325492,95724.27364998852,101441.91478857207,99305.39002729421,91479.83450270203,106932.35109882882,102966.51747510243,2.6028796172608417,2.4171002820024063,45.4877815852206,98.03042957748758,-19.06949321250299,-4.203822012893198,1.0272326905840172,10.697747411678954,9.977976306200098,0.18870971760225683,-0.18389404703051404
15,6.453736336658977,40.43132041537571,46.40308763581517,6.992989254743634,2.4946507673847313,1722.083723029698,1534.5294713602248,571.8904238906587,503.59733862315,75.99815383549351,35.35417057534649,7.382805083844904,108543.55614172197,92286.35769842641,97131.28670105712,107960.22104219979,91907.08092851337,97743.94273654434,2.417496348644651,2.509005751511483,38.43504296779148,29.835222825321676,51.340213984013445,57.944018336079,6.987705657791359,10.902451913607141,9.998141687018421,0.008593722786085226,0.01160488266009225
16,10.3402734167215,44.714831371503905,40.13237039095291,10.000563240230745,2.8194460236772674,1417.447662235862,1061.9493331710312,724.10306517031,467.8102825420619,71.11439439211541,32.37993674022936,2.1961636690581994,101798.90060297797,106957.00960641923,115776.03149526862,96740.72593268954,92121.68257472923,105905.08743726509,2.301595694862665,2.391635402494631,93.1505213247545,125.75484531719644,0.5452930886983758,23.91877159745659,8.335783946577532,10.718583747726097,9.994221436653708,0.008473403945567712,0.008924954803633518
17,14.137897848405585,30.674543032831586,43.729878916361834,8.204012174186625,3.5692739102621296,1405.4696241931574,1076.2110720242283,473.4908648074833,344.3807240546944,70.09243913918073,24.44883359200566,18.00084563072413,86830.78073321626,96504.11130863478,110640.4554083532,92264.12207141734,102324.8087791816,114175.01413635982,2.472900379778351,2.4021921809084406,172.6885666234886,68.82456320988953,161.78030995702034,167.83576646732337,6.153840449553355,11.039155576340475,9.98687867939313,-0.16069485228203906,-0.3685052174656949
18,9.469207215697576,43.18552156148733,51.78598062246776,9.73675596083074,2.3295889026036876,1496.626751267545,1255.2115368107566,535.1160316754756,430.93491597915465,63.04073467578237,45.49352810930209,14.74811683889729,73504.03379081308,92867.87714804169,113104.01627609409,88041.15315484085,112112.77878655563,117059.87183103374,2.5752151939383463,2.426873559226649,127.6585760339153,105.58784014013575,113.79581788773201,98.12129619233005,8.850655515664457,10.753360842273565,9.960656975799042,0.30530605447696113,0.21585979650696469
19,10.021305582326699,32.95932247756975,35.218654088085955,11.695198374572728,2.0168836112650252,1407.1709938759077,1158.763571567165,600.7126844783506,560.4858998963491,58.3785649241693,33.48894423613825,22.28844549710964,95765.33108372091,90665.17266509237,90463.70643121823,104974.35482398688,101389.45357575761,110179.28908697233,2.5409272558605904,2.446731022198213,97.50403591954792,21.903840065719514,200.40860805781324,-9.721279459948818,6.782323359436647,11.067829598231821,9.853816677100529,-0.08402458743507471,0.18588895795042035
20,14.878537643741144,33.36836693939351,47.11248905117664,11.116457277182914,2.2891466220843983,1816.639632364559,895.2371314465667,530.9638116921624,469.49819255317783,56.516191237153706,41.02974111782487,24.96529952754549,88821.98820793928,98990.49718828489,96233.94417124256,106552.08630450809,91297.55966659443,110285.73651465782,2.450766833247466,2.5062660890162105,-33.50625988986235,31.694980248082764,187.95835304023024,110.30727069823547,0.657090322119247,11.580038231410906,9.880217877271939,-0.03206460927549222,-0.04828018275712438
21,8.401722999272302,51.142224452865214,49.88939398597478,6.9879685001143095,2.7387924274981077,1494.2492626476223,1038.4233852207467,671.347647966596,667.5517317447094,42.11732225244788,41.13466379119625,30.350584251360523,120569.39551163214,106576.79597718194,124561.44259036059,108131.6509302305,99039.25185687187,101928.06157262852,2.298338049883481,2.37264511124264,95.22603491348188,6.778413568352953,26.23091888557252,88.29143041488868,6.67120170064258,10.84837464062986,9.99530967740164,0.00924043496339336,0.009077205921052229
22,9.642974126679109,40.176238992166525,43.493444732701626,14.463620283865716,2.5909581913355466,1287.6464640702063,1055.3748551634626,467.78111139895555,538.5400223236858,67.67025099157748,28.54394776482061,14.100675092748613,100241.9540209043,103969.15732040505,100324.44986263644,110101.79309430186,93371.28602573951,123192.65464712292,2.5212293469736293,2.3140209350741308,16.071716515619457,38.898631707765816,254.73536218069842,63.32647180700351,3.143801021065022,10.800550314921768,9.843675002230595,-0.15366066498704797,0.32638845447349923
23,10.999046813463378,44.37944411259467,47.35765693876544,14.088225594431671,3.116052593331652,1275.1511210684534,929.1551194106665,495.5742094419516,480.1769467231085,66.66068188738392,44.061066170131696,18.933391448873046,112727.12381033244,95298.61931361051,107302.23845220647,107955.73836002333,103655.28057373663,104092.21548172903,2.4481134458439096,2.4227472206968166,54.940357928232174,-33.20821459989402,-115.59849310653433,192.10776527745364,-2.4452476535161196,10.65778824321475,9.81296224817689,-0.1338650394138581,-0.15195737549772248
24,5.14770601420337,47.009274899042516,49.493337726622535,3.7829836643041954,2.901661708469752,1454.090213189728,1184.7249485242296,637.6377101381254,508.19822125803427,65.6020692615332,40.33065285667346,15.651509988953736,115518.18151307672,90147.58331940875,101517.96912100268,104262.08491662997,92810.7635806128,118175.26003046986,2.4976063495328735,2.4659681240082523,-61.5149034015046,70.31976701492793,120.14878757737485,145.41152895212986,8.202472127243453,10.643096696392702,9.867389638940015,0.044675733945853655,0.04462740455818189
25,12.82665368441552,37.260073167312434,48.402057204596694,6.7370304340164076,2.911039787723261,1423.6042811908337,825.8231095574143,398.8230982320008,424.17616554251816,68.41738500037454,43.460255391058794,13.360086571275513,97444.46536370611,85476.54172110911,105625.29311386343,93746.81206922517,89973.09376960291,108329.24084246783,2.5853992199174094,2.486918829901981,80.49294854078937,96.7865442851652,196.66084613102723,2.355064315140588,6.6632589619762355,10.801738678920051,10.034247472514771,-0.10648913776958491,-0.2186912621051481
26,9.67445030544075,40.77998207242597,47.6910702733157,10.693864499279442,2.4453979539761876,1767.323304830927,1371.7258866778886,627.4622036138153,547.2735768899373,69.56775769925738,36.128780086401946,32.91481579832312,118685.4834249425,89498.9872510194,140434.3842312801,107287.22983058407,88287.73694282543,111430.31946494164,2.358945813450279,2.425376036122286,18.498609977992558,66.25581105885308,13.574423337062324,36.91126492986166,8.139128666660175,10.909956818586737,9.995079415071105,0.011230759572457023,0.010345735483556686
27,6.061555512507695,40.45401205632997,45.31192596376825,9.30402671204811,3.055458208688514,1446.5962340964861,1408.7250377594835,474.06096951002485,554.1171933731619,56.5199012802923,31.155216922296724,12.629309693210207,96999.76435516763,100806.56014564808,115438.20740153974,105879.46617826047,104147.74808500818,111086.28480730073,2.478303450809866,2.5040687404370816,48.31005655308096,54.18235819781704,41.025931359436655,-8.766281727505188,9.088110713159928,10.892311484575746,9.996403809486024,0.010653418311497485,0.011517189961148455
28,7.521198518859686,45.190700771001566,46.32370745865217,5.802511729248236,2.6674429764769196,1525.408201457492,1342.5127812824128,570.0616194490824,642.1215900957286,81.21229010347847,32.06600488737856,14.472292596764202,74022.79775219187,100613.44661042163,109992.9661179684,96504.38537719722,119287.73959214344,89608.05549186042,2.4611705487088282,2.7026806465412343,37.72028824255869,147.75017851319092,40.08752747079594,72.97147418941634,3.1448373935222103,11.87931022053604,10.038408030598974,0.10014449129391328,0.01718698920739954
29,8.07805710260922,43.037975056274114,51.557674705364775,8.926230787744691,3.451176867351892,1090.354738408896,1354.6544594802597,577.1040769681746,632.5284046440817,55.97025180658164,42.48945840836103,23.823370340901988,95329.28358502689,109832.38423247475,107118.83495563493,103700.39836596847,111713.01664984298,116535.76022339358,2.3899401196740504,2.428276927457667,27.539884411406547,35.554150555906475,-54.06927929063285,-2.088648546452326,10.526552013817824,10.962770033484388,9.991162951508631,0.007057101917198081,0.006097672615930454
30,12.91766087401508,41.100687707227785,48.90221668521255,7.383079057917033,3.2306338659178886,1058.3953583216314,811.9105515808076,388.6961863547351,421.02403336671773,53.95238260317477,32.10822416774441,1.7911859395869119,91816.4511616302,103793.14367065579,90549.12492011936,138871.83119431505,91967.90961334347,107370.6991093454,2.5630573114978596,2.4776685000956595,20.8308638086993,2.140919549023536,54.322782101504,56.59832357362578,7.013256322357634,11.06709064490181,9.638440664150412,-0.037914601950821414,0.0799829736505968
31,7.5162331229996875,40.617342635870614,47.49314756459994,8.888138268898432,3.141316491308982,1800.971796403116,1119.9910508924445,584.2109934226544,469.5583977354174,63.40023181458745,39.087376968406595,7.544489592272036,101093.38638137536,112002.44341001385,136150.0131524895,92960.08272645687,103754.46886283901,107891.67939710528,2.59909346016794,2.385156793556595,61.61381755507169,-66.3746428838098,-12.823089841799746,22.542338565219072,8.780279697345136,10.931666862878181,9.99360337617375,0.005985455678889367,0.009465146213889735
32,7.707680791674143,47.00661652515133,34.905586223083205,14.416214518520286,3.017601253388698,1674.692325297725,1040.939203617206,493.6300051889572,579.5336915580647,74.38730604659038,33.51495794839383,9.240342679863282,88735.94280947774,108980.4981010567,97328.56395547015,101196.1271055994,109271.84887100258,120471.46624332684,2.5629691437777002,2.5416730852974325,102.67031674114,14.447616789058564,149.0843074771558,148.72795848783772,5.948317673029256,11.004714427144435,10.257368757768408,0.36605599811741263,0.023323434630473712
33,9.335463650093358,42.71868790793599,44.242065507672294,7.390063394118812,2.5482631363764123,1104.944719260922,1107.6380746487107,528.5360455727015,559.5145149684256,74.90906135082041,46.863642836092794,18.20058128600017,105386.48009818586,101475.25668263035,89555.04331395724,104263.06150813424,93790.38285588325,108944.71418242247,2.4246092230795826,2.458426785282897,29.11900241538094,7.712938106587121,86.10398213460843,43.825034812714016,9.56302514394625,10.874685112744398,9.996766678296343,0.004564748340428757,0.004926829244510739
34,9.164903944241757,44.6698937878942,43.395381321711405,8.2859822816618,3.548854973000954,1320.6061771602626,1130.364935266764,600.7094533070896,546.8987863657879,47.757984487532056,32.97959624322108,14.27887677234727,84981.64572281334,84668.54323009131,110793.42708078645,88253.23111489518,120746.01152695256,118506.42555614974,2.4271584351850897,2.3924586198194677,142.244263948489,26.356309097711872,28.854732442793306,66.0570546596941,8.527303338580401,10.825395315530574,9.994794859705426,0.006439878585035742,0.006595023679548143
35,10.610304644522579,42.12487957866879,41.99693158339992,8.70123938419788,2.651557539336135,1513.0522771655073,1529.7948387998144,523.3090985851794,598.5419781413443,66.21411187472705,39.76090674412683,29.56690396938834,104961.65760059998,106257.78490814709,130593.566517907,110528.44956511489,105702.25560188042,127507.8716875478,2.4356592511459896,2.512585489809142,52.792537254973965,-20.656414154223576,24.955026520200416,44.240646900333786,6.593531101809646,10.85447588038782,9.994720001773647,0.006316136069391807,0.007978156254514226
36,6.655817237647792,43.75647879660649,48.8307346224901,3.673932279152295,2.595403582099606,1055.6931428397252,1498.8117786356079,588.9809532867716,495.04102996265283,67.3968196454058,30.279651898198946,3.6065917365302003,81287.37914536413,77877.14357029027,103154.27742292649,104085.50490312112,113843.02125354798,118339.87879525001,2.341613758194255,2.392088553579035,141.27162278454122,53.734501454897455,87.53065494143642,-74.38921105556724,11.231351062046851,11.417925987591731,9.922125166018406,-0.2208888490116059,0.041398147876048653
37,8.926931511080562,38.70321081063049,46.38519433003647,7.444113287642417,3.3482065560524408,1388.3663985226033,1229.6582866007716,680.3214042328746,608.7038715889423,67.94401185663082,37.87898662413207,10.393094969250587,119123.40094678469,103909.97748608358,96131.45753758456,95395.25711935175,112071.37918622063,94826.02581236375,2.43811812895017,2.480032976065546,80.07815721818898,-58.3660953912598,-34.67724042669914,8.411110456311263,7.929733429441342,10.889885978802962,9.994588051310837,0.009603225933822939,0.006262724191256516
38,10.506963856601505,41.160847905038,38.89482330515894,13.052916019122788,2.7666575269427622,1531.7984771813715,1000.3498285580272,614.182254969469,666.0711971920218,76.69544099517954,30.70291104078215,14.756163151723792,93576.12511000365,98867.75689441823,92056.09605796912,77208.1962013848,107387.41013121804,115757.96879593586,2.5038242700440363,2.5646720324310293,-16.86922724094579,68.01212214301556,31.512429291127077,226.67811033318642,5.459046847344846,11.263807411499064,9.825313789626957,-0.3129607673462683,0.31590338929557354
39,12.883754361521664,44.68032545975703,40.696229272377636,6.597519917751262,2.589134216454055,1508.3335755270975,1202.5538434304608,580.6000454315644,762.605011308161,33.8133402178097,31.214564835669634,17.53362832965795,96285.81497003415,115760.48115882825,100242.53008514272,116259.05393527285,102010.55327735489,121163.38315018824,2.434959622991863,2.4246604795600932,108.06725550261011,-6.27612864645954,74.03378218075748,37.68448598328787,8.211233122057118,10.856363818595574,9.996315502497643,0.009115084023888895,0.009263006545319023
40,9.7388502590122,41.29875763807252,39.406802540156264,8.66429360127751,2.2866431012688007,1204.385868532711,1495.1617724725172,652.8284471964306,504.53750159973026,81.56680684891684,34.50012302658173,17.47482138137812,93002.62567062052,98096.2410373906,113554.68083224952,95098.95746939197,100607.62207885955,117293.63727398678,2.268148248516815,2.3709890415486514,32.65182272645965,23.7142485068472,54.4732779824204,17.898993615138515,7.823846358695772,10.786354788709371,9.994111755950042,0.009214648244601734,0.007611797536944897
41,10.819946571369629,42.71189772592709,52.16246861968911,6.424047712878792,3.1434452855029655,1255.277345540998,1120.5292346503893,447.6230016257516,421.44153760136453,95.49216162103329,19.39956790730209,20.156646240118487,100300.06637493658,108226.33085108436,109990.64404805703,98967.31809756518,116154.23223875268,98409.07581278405,2.3070308572276375,2.3510656578293156,-50.341288493468426,197.18126980809598,163.76478391210583,82.94289868584963,11.272821786734958,10.696997347455039,9.793951803454807,-0.08554811925920108,-0.0808697008131692
42,11.329518300417877,48.005175715528814,43.729861811708886,6.015054955793943,2.94429416371016,1384.9542578438666,1129.776400807137,618.0738871087286,601.5325836328243,68.46380069326601,39.18400715539724,9.90776493747876,90947.31064213866,96511.32098985362,112149.58991396245,99281.42550402222,91368.76513590143,114264.87354584823,2.4399344065058455,2.4940554810336444,48.17680645607015,22.937089414107774,32.97249569034557,17.660655325606292,7.354471131004828,10.903100988848035,9.995021518232784,0.007926080665154428,0.009103969639950586
43,7.372326550868284,43.65016789159494,42.52632750745502,5.78314119385421,3.6111532333909597,1376.1833475201815,1274.4054036205414,507.34028704832485,394.09357835342735,48.07746513102918,37.859788495534026,15.45957410093689,94591.06875197357,84055.64765963734,102579.58936015786,109095.3663021725,106818.15920458036,110576.58356415677,2.5338558244763485,2.453038951555068,39.38739680786631,98.73061818691255,79.40913431497265,68.37197422180637,10.425633780115016,10.909902871388283,9.9957688512968,0.008915334186531319,0.006422508059749758
44,7.003020977602107,40.16458333993914,48.18216966068194,6.369008441533611,2.151913344562558,1486.4650817885943,1233.3038608162756,578.015645821245,431.4020617514291,67.05763022262072,30.99034748250385,23.856898585880458,107927.36443629522,104637.46479019146,124482.38009612745,71761.80419581415,107090.33873969458,112849.23799186788,2.598658107691055,2.3216853985112778,0.06556699313171066,59.84637973216014,69.77321878565172,-11.343725589583698,5.414570832620615,11.626418327641339,9.809916106363614,0.14035006066228878,0.09533326415824686
45,9.084031188132299,44.95579677922895,45.60658540271317,9.628910919036317,2.20594380202451,1479.6500449629798,1307.1765198699572,570.0984039066722,479.24438802981956,45.26296964859222,43.112663104560085,20.66021899983598,108600.57300027128,106193.99473780126,101489.69682554292,110640.1345235793,114295.25016784604,102382.92499585032,2.536139156663978,2.483584864864233,62.02057285016501,56.12791200824551,90.79213788981251,64.13401561519498,9.911563266205281,10.924643799167349,9.996253957343267,0.0032377115503370952,0.009083846532908165
46,10.327033790214674,44.15711640368444,47.139825390792524,11.0563815444071,2.987934516509413,1570.6702886317996,1215.3874003503922,499.19871062060315,535.6068716846344,51.179523802039846,47.08899868184022,16.090606463208537,105187.02449615076,128601.51031254206,126996.07770855617,86351.34656459778,110024.52067772715,107402.39961224675,2.4220960967863157,2.4512240311658537,62.82191828768273,33.82146181011764,27.574950805328616,43.64616419136506,10.68831951533155,10.941863273202067,9.996033663382661,0.004662677047014397,0.008008693546826878
47,8.887071849158941,46.944299253328815,50.72447662104105,6.4705573743775195,2.4468369880313836,956.3025567074999,1037.6726962510675,572.9406985759565,680.5863020467725,77.46232922903323,44.55087715428852,11.022577055840623,102379.57156082703,105205.73129896366,114520.29343930919,106690.6904877556,106632.76142764403,117762.02129540655,2.398601739400068,2.4348967627249682,76.20209738981805,20.293961744455604,0.15348965056123376,98.77792109748403,6.634992462213287,10.9588728018395,9.99705290252961,0.0050584494175490505,0.0059792736636388125
48,6.2746983967249275,42.42430653759702,42.762726180315184,10.376440327442706,2.4687062789388774,1408.9939895028742,1564.6653001205407,560.6170609432779,485.06517659100876,60.26636551481697,46.28189214357233,2.906352819900105,107421.13049768408,106560.91531921875,127072.92778014,102172.50872688131,123615.59748420893,89181.17072790937,2.559285942275284,2.5582172064650988,80.98313151382973,69.50927031910894,59.48954580463046,52.9420019196133,8.220236073780555,10.923635246261107,9.996794711905979,0.011030580154559676,0.009534892147890321
49,9.348893525833372,42.592534649258795,51.26296887719344,8.33609159457479,2.9468107103934846,1728.555471395683,1357.119825502005,566.7614653408912,587.0983506528657,57.68332727762123,47.24933325707883,7.027858457659163,100332.63993797984,95262.49916146943,113019.9873363974,115890.53343846502,106270.0016143937,111946.20087012516,2.550430939727085,2.4031703005888705,86.82426816261781,77.44466789575634,17.848096675332066,16.741090540560833,7.545911302558835,10.82675056932681,9.994882299740215,0.005379954907851998,0.009547555575888225
50,5.183904329116759,32.49330296240302,44.901822945870975,16.119951563664507,2.770035938135591,1503.360436588558,1253.6975588493517,474.2994083594188,469.9104776758077,67.41518933341199,30.32219718191019,26.662013055139006,93139.04467250661,96871.6357627461,108248.92644968585,82350.06005856454,97319.81796526206,121504.98891754543,2.517031342522484,2.462194703182226,-59.7809151906759,75.58252899064844,91.1516948928144,143.00795760523295,9.387024606517105,10.486551287863062,10.001877332400634,-0.4195393579994433,0.367853980311945
51,11.636350192644294,44.88140018297741,52.90653445293313,13.630692484391657,3.1080756239196283,1456.2890145740305,1046.747248989968,370.3567179779705,522.5805476533509,66.08436231556016,29.07794193891286,12.307441864929157,97476.24233099315,92913.4866475009,106816.39609835076,99975.44340627395,111839.88602671147,98026.1836409684,2.6805493585453783,2.5641393948046964,134.9822447682223,68.04233096181221,47.81776433619095,-39.53069642172605,9.013646652632929,11.228956437895292,9.983769623468941,-0.26975903088236153,-0.4439763368215693
52,11.333621920440706,36.94817178544525,41.71718619887181,1.6992431020662053,3.294898820981443,1372.8619438442436,1155.3380398160414,586.4456875198347,474.35010265598913,77.49005828997572,35.69279817912176,13.109148005326173,85489.03051540643,97942.9343188824,102529.1127245319,96263.85705766125,105880.03215807943,123502.36483127654,2.607187767085649,2.605984436918062,-93.34600595043418,128.90828436834994,193.04252534912018,169.9020910723558,7.892794143654328,10.590470047794645,9.961002300607378,0.09276346709094531,-0.12404258520842683
53,10.999149195409721,40.67156197439429,47.365013679916366,10.53493995222997,2.9687951999093514,1535.2111242178232,1081.6109006354784,476.0114377077947,449.0030444713099,88.06590948825597,32.677270658399294,12.394426751151421,110259.81605707825,89908.13555714926,116320.01635025303,99098.47645200504,112210.9818809797,106795.73401858308,2.531476656899858,2.376986861479115,-4.081825187904741,135.15126867254486,220.4884565931424,148.73801980002253,2.149264463207258,10.597697724979515,9.960715178479688,0.07698089700499967,0.2799358415761969
54,14.297378185434132,40.001538296690285,45.607267190840155,9.71001523555414,3.079678118323912,1379.1121632229704,1177.0282729937474,602.521827866301,621.9921728369875,80.48426609870769,40.30593955661626,21.17461843952835,99833.15229569914,120769.06268133738,107977.32049384131,88846.93367846664,105978.17525865609,116217.53571949819,2.4707225910729207,2.548340164462397,154.14743905372222,37.58585994905937,83.065267140304,-49.402263211508,1.6183171231154923,10.965315633186698,9.78945131187294,0.05660616627165659,-0.2558922396721674
55,15.825827485451548,40.55416258804848,37.6432705278926,10.484600600781798,3.369765617983767,1547.869633184035,1019.184360949326,474.4739320457245,373.38559990843714,83.94163646282385,41.78674041964085,14.429287171954801,98017.76611389582,77276.31796109337,111277.64438065927,123884.09457251884,93660.96843904335,110900.22526094262,2.4242646230181895,2.6288036813881663,193.05932543632372,20.936338122557785,169.69510318141704,77.94412473166088,7.8761056214820595,10.716019339165964,10.226043724306258,0.00889308629292583,-0.15567014121950118
56,6.630070073813847,39.571887474461754,44.641652547752024,4.776864892899006,2.9095858330520668,1417.4592236725584,742.553880733956,706.828730301957,478.7543971399391,72.57546544116003,42.722439311552726,15.83704632017213,111834.43823487598,108745.69007470578,104551.42321583559,92735.19685274191,100535.74046518278,119645.87613079026,2.529933068725896,2.4071615456210242,68.40853957544216,64.58866684563725,6.011966311175591,41.53960344741212,8.295215515940015,10.820938724452498,9.995725323969104,0.008613761570646111,0.0073232413568653475
57,9.460844152732916,44.44937378511874,41.314209440304026,4.708240688895907,2.1348643167761305,1508.1517324130944,1354.7804932470756,563.603887304824,486.87290612173433,67.03275872560828,30.024461862271714,17.746667321113424,98898.33719745048,101427.87837766399,113910.20997519484,86957.2082305799,119760.06952085433,90715.25126462402,2.432220849540142,2.5301727947523496,28.29678982628299,29.050768646542004,47.212589102755324,34.548226339999516,8.856299813707999,10.939601789720436,9.99494668920823,0.007451204732025348,0.006035397891121057
58,12.538532793817328,47.36372292414953,52.423182637658996,19.30053026135179,3.0616230996614,1412.3134540264377,1364.4429601324375,312.82712952739655,370.0051516744428,70.72301366758494,39.6343837206609,19.68524009138954,99735.21918565861,100827.07288930137,107641.3506067956,113498.80008712497,96484.6156570549,115959.64133115765,2.550996200661454,2.5212115597237434,34.66090095386838,60.1228515572715,51.72060017582747,42.76087619699018,1.0639947636785987,11.318935319159765,9.979115771550967,0.08504766976906117,-0.1481601289102069
59,12.556407552806723,49.58911435783548,43.19834111425872,7.6561657260075275,2.383214494936163,1537.467477936138,1473.8007918685767,591.9691066428071,467.8917181840762,65.15193707789413,41.85267080531607,4.203914839503192,86682.09317039557,119483.94028480657,110398.41958776818,110025.78866386352,90888.0499533274,99296.1930402697,2.390620400360252,2.3425193092895187,68.27358699435878,55.945193657323856,55.769269086481884,58.19226713455295,10.152589013092484,10.90436240046303,9.994739867982373,0.008071405193313291,0.007544294477737088
60,5.81046507316189,47.59843130941802,45.68212991702526,6.851540362191501,2.780038312217184,1338.4620051112329,1105.194536230053,834.4373926580922,457.96144175512836,82.44665649355115,28.016016923808333,-2.3394696975470524,110186.85798755503,111663.25547736262,97713.04199710545,113694.35872158148,110251.3207245756,105147.69642478114,2.414686689249251,2.492438579590724,2.2091264110334876,41.198992172193414,-23.7400460551388,43.01270676537639,5.908923093618382,10.895559367983433,9.996009622664117,0.006549059922448453,0.006210430269639483
61,7.6685058495982865,37.308861320760855,44.9210085840555,15.139450128520966,2.3686990397383547,1417.6256457383527,1388.2653151183902,379.9040671928302,506.9276729217001,83.03741635557569,36.23140594162489,12.527876666614372,100825.16152182611,108127.24424667803,110456.58286355907,78320.36714464433,102374.94714652232,118161.97262920922,2.491536200841774,2.703639168714343,41.80316359869251,7.157289054978271,10.058483759276484,86.05042911978333,15.071895666192104,11.375523655948902,10.099128440135836,-0.009927387775171437,-0.2673765540590562
62,7.741027332789496,46.05277383907189,41.3847597681669,7.1292826874978275,3.252111368538915,1380.5614543783374,1190.4616989840124,650.8837731892,487.213158880229,88.80567211107186,25.933444559127082,18.851688954058893,95590.18078995492,100594.25970209409,84553.89072138866,107283.27794641466,105254.54051279614,109520.5989867805,2.2988821457877684,2.4626699961277874,59.96195330441462,-17.864718662187002,26.262207743738465,60.685725202256585,8.437352797519623,10.874319139297477,9.997958996738058,0.009398706944579555,0.006271118629719544
63,8.02567485859171,42.27100888087645,42.17105867606632,7.003183433351693,2.700896488147947,1489.607388301927,1244.4858760803268,584.0031859124678,528.7050148111538,88.19807900582475,43.04316400079368,8.05228213452659,99445.60721817618,114914.58535316649,118562.68036203868,88924.75104286484,119191.31874346525,132449.44119750228,2.4609128642587668,2.4719316912485754,-21.460290701466405,58.36448293375281,0.27298481717181033,36.31704288316078,10.212650042599376,10.937245736756104,9.994051092760708,0.007412722614855124,0.006079720073713629
64,12.095015544782582,39.76487155867652,47.03059223447849,8.177188318633602,2.4970625070573322,1870.9545773991842,1393.8454515955582,632.5744469673815,491.6293964761638,63.9123802988744,42.67301584644312,19.256860940917214,104360.78816963118,106998.87335531534,111602.6001449604,115995.02460980498,108370.05950979565,121222.95699041898,2.40920598604876,2.3803338560533764,72.1778636379403,39.907896857039894,36.11095497378929,-1.3573011594037006,9.220245029504836,10.890477796969115,9.996648661288871,0.00335636457746086,0.010899658440719278
65,12.15434016335524,42.828610810759145,46.8780495304089,13.691290564198944,3.2040645687478913,1040.5330874719825,1167.2486990937339,576.5539130717042,413.3325160569552,66.4030499849151,43.487222780287105,10.50395820609879,77289.87514092485,111928.08458164762,122466.90048579987,96604.53977719237,94997.21072214925,113395.4546327824,2.4366133964300456,2.56061096549338,139.9689444598346,71.46628394801331,179.51061619644122,176.13415956220098,9.496680751192095,11.170737976222528,9.95926922810424,0.0030353591605733546,0.1648121654229796
66,9.655660924341682,50.729248013770444,45.46548214474199,5.803427903565243,2.863308589462677,1372.5393001031757,1512.6938166568411,561.2206061933944,555.3959456027483,76.65417315703921,36.32701613158913,15.12927358764567,86254.69654713827,107213.16527225163,121450.20540735974,109873.21461355533,109961.5925867818,127879.49202177413,2.432395940266772,2.4642603300787154,96.53692266341326,15.293175627202515,5.742387696249509,26.418913862920995,8.259399841352659,10.970302632879706,9.996119392932403,0.009629372979322186,0.010264413343882887
67,5.913793301032965,28.472386394074046,44.146158598682426,11.977556717710247,2.289635577247545,1476.0478776259718,783.6705471521061,690.9665861926228,531.0124671652466,70.70678000299502,39.86564861769509,11.222186725915805,95811.40862063228,83307.56055089271,106746.49284889044,87066.97262141613,103404.59443029301,114085.63793848148,2.2733072584290666,2.6411301075134683,164.8541936139751,5.604387572661508,87.23518906833866,96.45571950941147,6.467538402002161,10.482627969146616,10.174855721901015,-0.03473926412422637,0.014534059403917589
68,7.057897084831007,38.17946028601908,39.816658882358446,15.194971566174734,2.1376351645542178,1632.2656108650908,1196.9140564776778,525.1669708662696,555.2030696994887,80.8404633340649,34.64406424312852,9.798982053208318,86198.71343182877,88661.31491965294,105471.95921728363,108366.53155582871,85511.02051464989,110724.77129696442,2.611954186586824,2.615224559963963,-23.320721888895648,148.70218615868447,236.19346239350708,252.80679641451547,7.043207764980778,10.515455788154908,10.003231494054134,0.11022534668844182,-0.08579676534715676
69,8.483314721178543,38.407550621776394,54.09779928347073,8.442738764631484,2.0163086307835383,1417.7179871462754,1140.8931646538892,474.0501696568983,522.1115433880947,56.047219901238506,39.20657863238443,12.948655002901043,97324.75332899716,91925.35416935977,124618.31076033738,106319.48722788607,86914.61100604528,106951.70510213723,2.477720903599786,2.2090437943604275,124.3852842646894,93.50671056361415,52.0986625962866,138.8095969707382,5.789527945342364,11.591111281621277,9.804706808156304,-0.04071090506287743,0.0038073895918030592
70,7.967787517705752,41.10065786653797,45.12689477968605,11.319615851813202,2.926335158609323,1442.2177419904433,1414.60984431039,531.475949087074,255.76191296728865,53.520453806381354,37.24776879828898,5.492032819099171,104632.8297923931,99891.85917434204,83806.79891834981,106142.32332361961,106052.45664973688,112390.27189347612,2.2310478893186994,2.513350893243393,34.5631086887222,-0.29128642214959655,34.09428200046031,58.00268374481037,5.791062163517898,10.816309059390248,9.994132761536832,0.010145392380104899,0.008389330061160936
71,5.388699015800548,44.7940588451238,41.06010673139751,15.705622827621937,2.172586375961807,1752.1862277067708,1452.2135476435778,501.4128587500345,488.87921696993124,89.92227687505425,31.097294629493234,18.72361983613822,104185.67493834083,110507.41927188277,101821.07639112345,125712.70171728265,82726.8608017055,110807.83497994076,2.3802944096415137,2.55994411962337,13.479947533904664,116.10334221703174,178.91943331804532,87.71952420065348,5.2081950997217055,10.88989975958438,9.914227406048763,-0.28943859243869907,0.013524737440461461
72,7.385803705935663,38.173997981155296,40.366792898706905,10.865348389722561,2.6129533028013348,1422.004636944932,1137.4847753445347,579.9049626904449,445.2910613026576,71.79978909542392,30.312426277253273,6.790675065594888,109179.50846240559,98919.65438287208,112615.1990148206,115824.27572833118,108236.18866437167,93763.57009377216,2.4828151797978983,2.593735384275734,8.216253661218147,191.19245656033925,-19.574665504992197,157.7466811983711,-0.011917681856908224,10.129709509315349,9.958153700119428,0.25093626349635784,-0.010270547491793944
73,9.339948574180504,41.6054494324709,40.76295805948775,14.86168674238359,2.545324984316701,1403.8980553044155,1307.4701817514679,516.6108560600437,585.8739293561716,50.2658660558843,42.38227411235492,6.905599958882149,106203.26400078727,98551.01539622019,110767.44996455224,79052.20032114701,118983.32691204848,106941.07170469941,2.543534732576895,2.445402388577516,0.9676212439929799,75.23368724552847,182.5495218976152,-99.01945908373159,8.31152882135626,10.513434613670295,9.768647712754587,0.0857051122054059,-0.15296842860666876
74,8.232571525078846,37.606168588126444,43.44114464334617,9.666787400106234,2.5323965843261482,1414.497846236819,1366.6173524981277,457.66621495816446,475.77458436072834,65.6291398742123,39.0115769178536,11.40493048057385,85926.09272877341,105840.31074103658,91722.54876290288,101703.24938290467,99785.14714796729,116815.67498380483,2.532653067760305,2.3381314270290354,80.89033166239706,67.13350557778679,16.27341269249179,-67.8113176092138,5.350669215673405,11.178376806917875,9.919092012685345,0.05955577094115147,0.49994654812488093
75,9.077979275392138,40.78071282843775,41.6372893457869,9.240464304321643,3.1610235929721835,1341.2620891406418,1297.3374963308818,542.8755478602986,649.5302969184053,61.18756287937868,38.917829641977136,13.985203280946454,101505.6327589906,102539.13023709314,108777.24028310337,107658.45644014553,113425.00093847667,105597.28640656115,2.4309460811985053,2.47196879054867,41.81767409073784,65.83574571633118,49.189559972066036,28.2898323346511,9.112642237511594,10.790878317873233,9.995661233084427,0.0047345482751356815,0.009785086443454912
76,6.5633997907173045,42.20215458078799,46.28866725432281,6.773070343361569,2.3864152648185897,1639.341662051932,1315.5354417238157,338.38978439034435,537.0090532833414,68.3698851934723,38.004049702773806,42.23683679848938,98532.68453110837,94906.14482817907,96205.48443325271,77498.17806234432,92935.97631297991,110727.55520889888,2.5504621718750564,2.5756152526685963,-26.441268897665026,50.15302841548923,47.73993672717683,15.151397948737035,9.110689669564058,10.9716584777129,9.993923424673511,0.007427044378317912,0.005702860941396789
77,11.351447179548046,37.08769428834468,42.94996510178489,8.686642882416843,2.637507772323537,1640.6548834160449,1143.5691413164466,519.3490778266739,587.3204636188474,44.15080709806401,38.31717515950534,1.0035853683845293,105746.70461023363,89805.8177739706,88207.73047777374,89617.30709988838,101370.47613374566,108644.20395889283,2.4821990045450777,2.5395770697683138,54.1050359350905,-6.0939993876423415,2.40387276857491,30.5706399409969,8.319338064647548,10.838902542780994,9.993558517067147,0.0059360476687657995,0.009454424989797533
78,8.444286469887398,41.88851942359271,45.163634360261256,10.020127496689042,2.480346379688528,1571.8199162401565,1185.2987278227881,681.9281405340427,437.69924907653456,60.818185263877446,37.233001017442,9.227996527886955,99235.34948678502,117968.79833313946,112150.84978134642,106661.28352087752,105571.66838860922,111815.50596718607,2.461018721432916,2.383226624218224,26.58922247108128,65.3924944290833,-50.59356640433751,66.79830536777942,7.976767099600972,10.861016547308658,9.996923066722553,0.008288989456802839,0.008881752820083931
79,6.9949947259416,51.13240419166169,50.840402715728786,11.700511849463599,3.300517030506046,1370.347529136262,1256.968872099969,579.3638541645771,294.5071549793846,79.42917823318149,30.599652644024456,13.89491061029819,110377.76216307333,104636.71952944605,123397.26299251085,104958.40107039649,98772.39938105714,113720.03445538416,2.420688849266054,2.3334007391848726,34.732472304673074,-4.598086949939706,5.118382384253405,56.73806904652284,7.903925684339661,10.931657420599764,9.997482741272297,0.01188322205352578,0.008774887207321285
80,8.194367416395538,44.61383422758824,47.03989341278774,6.521710856290141,3.4146355951244938,1516.6691251866418,1324.8201062542892,569.40016797017,541.2613482874805,76.52175163223849,38.33557872740643,21.903105073368533,86050.76783326024,94316.77336951521,114341.58678481496,116589.95128885342,109072.84482413085,115300.01871802851,2.342202131841128,2.4438756794046514,52.34931348964382,-6.210061551978299,79.7719564026272,6.148348768774241,10.572952265633546,10.97235420903187,9.994133411887374,0.006018013439690978,0.009973352406698674
81,6.112906053765979,43.99835312521924,46.80223870439534,7.054242952338517,2.567457623369972,1131.1526453163483,1237.3233228432248,644.9411758281951,588.7817834996788,77.04610213745603,27.463784419613695,18.430267815390085,97799.8311755337,105973.95955567554,97187.19512514572,102382.63549293701,118256.54557027802,103921.4702060137,2.542116726714724,2.2924513956604153,75.90072781240563,-0.3348769881065081,26.028825287124757,18.36317591219825,10.637962634170897,10.621061310285878,9.993825141052387,0.006126816297659003,0.008333410607122395
82,8.63625512149576,30.42719827909208,40.34881901486646,6.637451819858832,3.148122056645171,1238.333053794733,1087.591325341662,549.4838137382184,450.93269262000746,62.266878860553554,29.771002871627786,15.779766827272265,95793.25602204524,91131.68235460317,115077.38653085101,94018.83625316521,104956.89981278828,112728.29717043524,2.5624992089056393,2.5741940196626683,157.43907034872558,64.61561223889439,-79.84846385729378,-34.97513226262723,4.5892727155207815,10.69321190459716,9.773771034391956,0.013344560073973485,0.03090188057509146
83,12.319932912069419,48.602692132448695,47.28850133796275,10.29451452544184,3.0956713686063217,1248.932295896192,1414.9096735678218,544.7068192845737,455.48007463696405,69.27601018173645,48.13688333212716,7.983088304535067,85755.60884118747,101894.73173049164,117853.42245569944,120120.75973759554,100974.63428908245,117640.13371962833,2.3651359408170345,2.327040615975154,49.755646296723704,14.513472103733438,43.55557469997593,73.65862553323578,8.61094838001995,10.842000259920269,9.995409465276724,0.006344727484052879,0.008047764245633967
84,11.340331848255444,37.93721782153922,49.224695349953834,13.083418508638953,2.3972082120980645,1238.0904988169023,1004.84259450287,500.39572891976513,474.42101290888144,67.351286933721,32.328793777907094,11.54108587443425,90302.9787877673,84100.6369498662,127119.82519385006,83937.0325291921,109079.95483622127,121553.45917639132,2.5688694352759156,2.6244382840744596,126.18975061507386,93.47345270039615,93.4124568975058,226.1718680616831,6.462981478409681,11.826094649291143,10.021018443762374,0.08343135143128305,-0.10732481734783796
85,6.517428511931607,45.02519483191117,41.494515428311566,7.24459318561896,3.1091182279728042,1351.9454272367097,1493.560165351315,662.1306735270215,628.7098204621523,74.1971783807589,29.97644441893575,20.993464693496716,90820.72782430843,98209.29332691511,110675.09804199965,102965.36915832659,80651.05981102333,88761.10886732434,2.4556105865725617,2.42229170398084,33.66074343824886,70.65427952795855,73.72585817673331,32.301501016496196,8.040670195918478,10.877878602870375,9.995888072924368,0.008267891306772978,0.005480186755514425
86,9.512338448896864,48.51941621380721,45.549765018281505,13.469798124223487,2.726728571074135,1376.600929903285,940.8462328862294,432.04029621951406,410.84932404594207,70.2659392998009,31.20722286442911,5.670902754855934,87121.93225543201,101564.55265951336,94141.85581723887,92903.13226696511,102757.44890405054,115049.56947778493,2.6450801447505983,2.470703189251562,140.1804430943224,6.405369658776351,-25.41925356199468,120.1525840463554,0.4424775311386915,10.760871102472443,10.181309430841774,-0.10547475460841771,0.11420928205284803
87,8.263857108661291,38.34265505530512,47.930345780738875,8.005917288788527,2.22138384231465,1778.9634526838934,1527.1703972103855,596.7440078013755,652.0482420843274,68.51703068053072,46.70512222630041,30.440392459812383,107286.83981060528,132938.93011674378,105346.14612433127,95034.54972941721,100265.9997733658,102424.80923922421,2.373396396115899,2.483846074419852,-13.232069892392225,73.97291464603117,47.560135908743476,51.45887873276658,7.834298501672956,10.952658224892847,9.99759790156968,0.00929196905893117,0.008567858742367549
88,10.308416735473578,41.066576937167646,42.19198245223632,6.396874474198588,3.5758120421620925,990.7704634706873,1279.322471591366,475.86373137604437,515.0349277069793,65.17746140206165,33.78533903094746,30.180476016837638,103132.07392320837,115268.71027925311,106563.79238521977,84749.15117007932,99865.35965166466,98052.48781851691,2.4040949388606134,2.4556195869567596,33.346497080569044,19.06986380193272,13.953012329829711,7.754819441351575,9.076545736498215,10.804774745771313,9.993954062787225,0.0050622868131080575,0.009498824355450219
89,8.900238252257543,47.6305920360198,43.9201103111964,6.718303576033849,2.392140077867464,1507.2691292322013,1346.1065076205316,536.845223376076,378.81561437852935,71.93348939523318,31.532168766755703,5.2841108441290885,102393.11617660159,88726.91994686327,118241.34765203173,95577.3895793507,111834.8304584954,107727.7220010762,2.431716591906045,2.697765835008902,120.90768570179151,8.915632002930657,242.00352162947345,-217.0932737808504,10.524673088717524,10.157115449442491,9.94945427941277,-0.007531745300147191,-0.024715357868106302
90,9.062937078599253,45.867089826362204,42.266448614752306,11.25341576076545,2.423935662376175,1498.4987314501916,1274.5299797988516,416.7360150557808,392.6342271914047,80.84122165713673,35.20581980383833,25.24003533729084,112263.56963953313,106380.42105750884,102790.44444640103,108963.36353842425,105076.07699002422,91823.57688354306,2.264762714317778,2.536909560531272,100.44724852195792,48.54087224112227,28.556598681531085,59.69709426485351,8.779660002685072,10.81130285180984,9.99465806736006,0.008519585053388219,0.005618822267995553
91,8.277364704636398,38.6998504962755,50.05179629621974,5.514883682365167,2.769634199422504,1624.620452123807,959.4907156546508,439.4814569225249,543.3212673973129,78.11540422569703,37.50134500674469,21.78440218119357,108139.56629389193,94089.26657119131,114164.93498434538,103579.48039185633,110010.4546938919,100023.84114270646,2.3999269439083664,2.4433996499110786,22.5093132959481,61.36543258788018,-1.9671524715581832,38.52138576361943,9.100333937110108,10.941504043964379,9.999098099385794,0.00741641932779379,0.009437632139947649
92,8.998231010656626,39.872567317741336,41.44502806135367,4.244339394891108,3.168663750675107,1506.144743056706,1195.8838715864995,521.3800485142938,435.0038746501991,70.41883230124219,34.54264942730646,-2.4635673876316737,108530.58343395473,99582.69485947654,110625.84511750829,93722.3546405733,107226.82742976613,129228.34665416513,2.42023666115198,2.523402178682558,42.947386175600805,32.38484212419288,26.754927735943717,73.80837086487125,8.82124514337847,10.932226288695022,9.998675012413019,0.009711655936595835,0.008340020040332914
93,9.251640246500802,46.77171674590638,43.96289551428383,6.63354375623548,3.103492207936981,1374.1855338844061,947.622149527591,514.1794349937992,526.7088854270881,74.63895783011012,39.53694002926507,19.545348421742652,106129.82292597624,88819.62077298494,92633.1718977143,86874.31529281923,86012.06455542982,113310.55463229997,2.463487443644895,2.333857705522856,88.12817988583386,75.89222377069015,-22.684690600064158,-22.805121664295868,1.9012153803446763,11.100165358975419,9.882111258824695,0.13382722803065805,0.4643013736464827
94,11.76732497090748,40.75113162064096,48.507533699551544,8.826941209082577,2.5384095808856877,1433.2394982103115,1327.2863384025743,405.53402017055066,388.5964945074911,48.39436690799149,31.343304019697644,19.143204623066268,76520.91422227414,102993.1489876605,130486.27784243725,98465.82973359583,103091.21678101714,125871.70761751328,2.4262244812307294,2.5311919732381942,51.898300626681134,-21.125009864809037,18.61600072095635,2.7898304226400903,6.973927800809751,10.882803962010318,9.993878535139165,0.009843421232682788,0.0056748345635052105
95,10.594302269994829,41.28935238347476,49.66454226214389,8.272277300271822,2.6145906955878284,1681.6545336064087,909.3168935756212,477.3229507581174,500.44174578251636,76.99653340462207,40.289584915075075,17.81459270951002,113941.792077165,111235.54941385638,113711.91273061457,105256.23671527272,114021.3539651951,100516.87368974807,2.538681846228312,2.358665094205594,16.434826055243,1.8054267676118307,-6.094160049049012,-51.4891944641885,10.966426424589203,10.818400730047104,9.994117014883894,0.008360691937753803,0.008105580363299666
96,12.809183154062032,37.64265333875847,43.46542288823531,15.279039376626859,2.792601912869809,1598.283831151558,1284.530353225314,554.2812596476372,423.2195119043357,70.50566695439954,29.221394950130925,15.619816868267012,90849.60685990438,111269.29045595927,130062.27562070273,87169.44052751717,103716.94738675522,124746.7033850071,2.60217641796989,2.4582509197182656,143.09879997377348,93.99177667875298,90.751176031185,233.92489665274445,10.697458864658888,11.825170879601982,9.846050082662503,-0.09224437519236989,0.3393280351578403
97,7.149403510362849,43.562829682456425,40.93342814219206,6.440906553031328,2.6858677805417406,1587.987878938675,1507.1299854529125,582.9005842352665,660.6608829087103,87.10468680458008,41.11966060005365,15.811115028266961,117039.94707418852,105584.22716011557,117941.88528259557,94259.14549030075,100012.23796303608,115243.55596109254,2.359813979803926,2.4560419808177634,75.80370725269539,28.876776079495347,-27.246911562228913,6.596395496014431,6.676756453785204,10.830922839161197,9.994215303016569,0.006986593190018291,0.010943327233041873
98,9.735606695424085,42.010899869772366,47.96963355140682,7.254430760807372,2.152807922521486,1771.3970666988612,1112.670714807598,607.8834872226016,402.56061962773055,72.13174568253308,45.02651372545209,20.98169204838386,120602.98436538638,86789.29452393205,107483.62683451062,83620.14096724316,122052.61070125425,115225.75472903995,2.436010800116129,2.4929903724442144,32.59117339942796,5.117672039234158,-16.627756346031045,-15.038415891644924,10.579901421692275,10.816932288111358,9.994766731290465,0.007932949606317985,0.0069426308214646975
99,7.17971530639451,41.50832514614856,44.37844460168011,10.96729446743392,2.7247511220258165,1778.0979196761186,1079.4750285644554,446.7816361896208,589.9869846103228,66.5833483589477,27.356629677452165,28.568846652468466,107623.64352885092,88327.6598604353,108898.91212184474,107457.86648234469,107713.0515238613,125177.18106351078,2.3999328782480127,2.4379088710698653,43.48920803407715,32.523168547353684,22.79898965651453,72.6216345803569,8.623993300291007,10.705010885229854,9.99677207541108,0.006549346652254942,0.008773216510902558
