ID,QC,MASK_ERROR,WM_PERCENT,GM_PERCENT,CSF_PERCENT,SC_PERCENT,BRAIN_VOL,CEREBRUM_VOL,CORTICAL_GM,WHITE_VOL,SUBGM_VOL,SC_VOL,CSF_VENT_VOL,LEFT_WM_AREA,LEFT_MID_AREA,LEFT_GM_AREA,RIGHT_WM_AREA,RIGHT_MID_AREA,RIGHT_GM_AREA,GI_LEFT,GI_RIGHT,LEFT_INTER,RIGHT_INTER,LEFT_SURF_SURF,RIGHT_SURF_SURF,LAPLACIAN_MIN,LAPLACIAN_MAX,LAPLACIAN_MEAN,GRAY_LEFT_RES,GRAY_RIGHT_RES
0,0,4.575898601886444,35.687324182805554,50.29529379810128,12.133067223314582,2.2739547233843007,1192.7663562265982,1277.8410273297636,601.743849556731,554.0848158339872,79.32880688394759,39.88984568903923,15.634029548703145,86108.37789262507,100213.73345091,127040.12985610245,122518.43978295135,104402.5349737652,120180.69839502938,2.6574901688349093,2.383975570360118,54.67754092418837,144.6560509865875,85.4347181511554,50.95055136533821,2.859239665721976,10.946322352904556,9.718647925312276,0.27258115272146854,-0.08155158570746258
1,1,10.462613716300465,38.46056041955417,46.84626447712894,9.264427655205287,2.6887031832023687,1502.3710929055444,1393.27081652417,678.1236396856472,458.98083743889845,38.03334629280877,36.50587886692374,28.329150181478358,102106.65893522938,111167.12100285999,107374.52816447447,108101.79364752087,96910.1865480265,114073.8307720497,2.4833084680073116,2.4121757195029274,18.70006194010956,61.47957431808402,145.63122204528383,131.91062650607492,7.241560004428873,10.438220608704805,9.991928119206195,0.00719151233364516,0.0034063584975563997
2,1,8.935821895143988,42.41912521175492,43.40799766308059,8.23230950560802,3.3031354266884576,1378.4405910601563,1315.0779924749947,651.8184887715182,569.5769173778389,88.27167857485087,42.31760446676476,15.70780165032774,109205.02281342719,97037.87618781732,121376.17340413315,104623.6110253508,108955.57177852973,123048.60119336937,2.5697574100265874,2.4225680944330286,40.56916525615776,8.728719898566496,54.28544269060946,80.58276600744873,9.353306157491621,10.846156679387974,9.996482051865444,0.0046819130523041794,0.005789167327983048
3,1,6.556327777890561,37.15878691186237,43.810899357544095,9.80875261676564,2.5080346262449855,1314.4357987572835,1113.010804822779,571.0165812859259,373.21768569812343,79.16942890259745,29.440168490266572,21.598212395016883,117394.61690170183,111636.69838727126,126512.58132952455,113134.89690115396,100842.25731403391,107957.97318936959,2.514680210792036,2.5506953670376196,5.017741746350069,59.66981319543854,15.252620893482353,10.561533801513463,7.990975086158432,10.856572108989326,9.995049584782736,0.010670661337066064,0.017666309463861288
4,0,16.09342695310155,36.54580762493957,45.30870364583477,8.339175467843546,2.603650043084802,1387.3784227117678,1199.591080644643,611.8877746274081,445.28600530003837,79.53460481997114,26.970871204628978,6.938427921793297,93408.07432676222,116204.85188038922,104977.93052364014,95940.44392210172,111139.25155548415,116051.30835608995,2.4174587802009713,2.542932456195951,78.76459039138481,95.07675712343797,160.56184208524803,-63.10707070671188,7.060875467024954,11.009285284136736,9.90347895341764,0.19751225279377566,0.37651031649055694
5,1,9.380661992927122,46.556501437968336,49.43483669404812,7.291832657197304,2.978566302666977,1658.6362133315358,1334.5013953926598,558.7016267245319,522.325754518074,56.901021702170446,38.60643406075855,14.268454123287023,109265.03409812924,84706.2992027037,118330.8060819022,108667.48170792451,108600.28392979936,121858.16779638754,2.4464342863123862,2.5804595525606646,26.336103181800368,78.84152909964371,-8.667772050055806,-21.69041445696706,5.48674515496234,10.87422858696683,9.999000948103566,0.005285642940419618,0.015576282590628711
6,1,11.283960614763426,36.88424500109795,52.78383084499611,10.55857050284482,2.9804602165281153,1524.3804380722393,1018.1369133927349,609.8484804010551,571.9736371810351,82.53377189471068,29.69978271337697,25.545196675251283,109029.53909992361,125530.04324202774,103808.2369715862,109142.9699531947,107731.11345929434,86427.51047827494,2.537616860657715,2.465320458687865,6.196947208886208,62.93477877844573,54.87425686295754,24.48098932352665,9.21402590285592,10.902877643402364,9.993035518036107,0.004193618629450175,0.007807871399541423
7,0,8.778089907110292,49.424751767188795,38.14742527672263,2.7740945550257274,2.841102457832473,1176.5296528834392,1048.6614939674787,412.9007800648539,505.9417636514471,63.07934150835577,39.43850646651474,17.152467044983496,102301.2598021081,112147.7943412229,102817.43217962889,95017.19113363915,88947.71896187443,112485.71918757136,2.6711846392755634,2.4795116451835053,125.05510198104352,111.02656050240348,74.9214405500634,73.06323150149451,4.965983629674301,10.578178345359357,10.022058397321373,0.15357711153062606,0.1577006872767168
8,0,10.748225244043674,38.23341176461453,47.18747161826009,8.18316914265738,3.2889651668896978,1037.423321242933,1028.9800471545227,654.0523323390263,597.8823832503451,80.70377865469813,34.430117592035806,13.697674362211092,90869.6737714617,127134.08125641756,106485.5945785807,101027.80165247366,91687.4964923188,116920.6581497836,2.451422267820861,2.416386124581005,98.24382318693068,80.73406989933574,7.394057940505959,253.36661785165268,5.236733439695817,11.317658994040972,9.664597541851924,0.07116159146867934,-0.08317177003231686
9,0,18.26615541621853,44.16496937514314,49.38528541435047,4.376533369194579,2.417344868284106,1588.686703868465,957.0549881328127,516.3312486754314,439.02485492639767,60.57565610988648,33.76354110439135,23.875481733702323,102202.92488525061,96792.32903489939,90863.27319786495,108792.18160364214,108690.78599781267,96045.99008316324,2.579136937523779,2.527299691213676,100.29908553203796,84.8483873277361,26.12257266133102,38.94712591444026,5.12285809927379,11.892168363136298,9.984987431308049,-0.21407385683379213,-0.29741502678268306
10,0,13.347551566625436,36.34170258833996,43.47569027335108,10.039694798528457,2.82016270768613,1384.9853184864646,1008.0131905365348,495.99508212819023,389.1545865779336,80.2594720407188,32.6692758441026,11.280486546938342,101402.17821105085,80717.15867015786,121605.31462957339,99443.95872166374,100572.3342711267,117567.63950689585,2.4600305446508113,2.541616150561538,17.714652922518894,110.70031989546854,89.5011762171042,-21.321436802483007,4.631584877710974,11.774538819763452,9.614082469657763,0.2318005374520304,0.4994184860988833
11,1,8.082062351229522,45.10564941810338,49.460217426245485,7.007784303425181,2.677073665660172,1668.9466054311429,1361.4659372102415,602.9547385383743,433.93918215903756,87.49830355435589,42.058837814289184,13.788906245542233,105900.05855111129,104532.46802949718,114158.24986468075,88915.86934222348,99148.4431639494,118366.6820595229,2.2909708604727044,2.5825472436662187,73.8713969764344,97.23734072862766,124.57657075266003,22.11885959274957,8.92919864673708,10.810445917832128,9.995101667601357,0.004323146995719979,0.012177965405424734
12,1,7.237617497507245,40.13858847388789,46.21494629259322,8.262350589957563,2.60848207946429,1138.4860906419703,1021.4418173403617,586.5905238529821,444.43650949668097,57.09837433496668,36.5482974532138,14.953909813495853,102141.29917596279,103640.33514041874,110725.39793146416,116100.91465760968,114719.84743668782,101017.91973800321,2.496316281230639,2.28818625025116,74.22902222053482,-39.129725505222034,-15.739087272566398,113.39480475923524,8.501020223374983,10.993522243648998,9.992510206367484,0.013977185732780614,0.008489868661014381
13,1,12.038844999588132,38.51866695848111,49.27666769071732,9.99566756395544,2.9427623353912553,1519.7677101881798,1151.052902886238,641.3702037694368,547.5409971061638,35.91883665718728,39.08760028032223,8.052535549275694,105491.37678477723,109905.30613466373,116958.69676130661,100741.90823380701,95831.6737701729,88588.14530745085,2.2879502208948863,2.5667749622331217,38.25544293295223,124.08928611256161,53.82313702981459,96.68028571133306,7.457720327976022,11.024385980418819,9.990371437724342,0.012510394601339734,0.008454139930076848
14,1,9.734041276900124,42.20960476238104,47.27107766838888,5.136739890334112,3.077856574918864,1576.2048596049779,916.9998341745658,686.4288013319674,510.4642062082785,84.45041556389432,39.616084907844595,7.157394586170635,111919.64112204284,103701.69284952433,112018.42423772732,82645.12761737057,98936.2745683579,114289.64576039511,2.5092445054027044,2.5131168861469946,60.2685139542223,68.94325840599177,-7.690164054453515,-11.734995115602228,9.982174462201185,10.830667045668372,9.99706522753578,0.0024996779320852593,5.247051204558713e-05
15,1,6.309646288709003,37.743724278740515,50.04478864179064,5.674905896967301,3.691623336100741,1326.6368757635978,1189.561918697877,618.7705082427111,474.25013742045587,78.16970663508611,49.922918655388074,20.022701867118926,102888.30751758353,112411.73603101478,99985.52756566096,105379.58044838307,108056.4937907323,112080.884035093,2.4924813670645243,2.4871524440206048,34.0007255894502,3.000002207694436,59.363851729440874,-44.005414091723736,10.701892905292073,11.166500830178821,9.995568978976882,0.008544006932877851,0.00781657445758655
16,0,12.178748369400616,42.34756657304398,41.749469923418765,9.901350380546985,2.5207462119471047,1540.76352790625,1285.7663015261394,452.664524168404,395.6493951225001,75.06149997117295,34.216692393502534,9.112347442386268,117360.42631497119,90322.2026585765,109236.28982979948,92577.30810100483,86163.93895996467,107688.79433821529,2.528056955988687,2.3520880874540007,137.99256815477645,33.210565256008564,-152.4011758424961,-73.25601732386443,1.8920802424591598,11.101773773293209,10.106051116624565,0.021376774063203895,-0.362456978583919
17,1,7.645643655605005,42.42684734967577,42.405116041538506,7.901858963272282,3.2961945815217977,1740.4252467986773,1108.3434053684873,716.2166458807873,536.3831562923633,70.04910801579969,34.29061956517143,2.358283498882468,107525.91782809065,110667.02662702632,83313.80231713384,91429.17650600371,108414.67210139339,116251.04130757086,2.3552209609931856,2.514125917837046,39.628453759708904,54.09743040116167,-59.98323081146303,-24.126582022096418,8.484151863984216,11.208677942189542,9.990481727805225,0.012377096857502469,0.0015193577027414204
18,1,11.001186521007682,48.42962428458456,40.282075885567494,9.155319380325198,3.075025584563744,1649.5338424619144,1198.6441058720418,478.63354106296504,474.7734294205417,68.55656872779032,34.389673356917434,8.532224570852888,107816.72003082937,88235.17328946627,117057.827282626,107365.73456731143,113512.70118514853,118586.10203834904,2.515999292734065,2.5264423573947865,48.63511027298536,52.433568781731466,122.70937958494311,102.70808584309475,10.523525864155367,10.9988276779073,9.993647517284847,0.005619378761601244,0.003655939159892466
19,0,5.539164532993302,48.86346327027701,45.88759296233838,11.989505704040225,2.6761084959487,1277.7744270343696,1119.0288178931844,553.1650233339705,388.4572366792249,79.1231578243264,31.339758692776975,31.267031058865996,91129.57375241374,82382.56188370714,113173.87056887028,77519.79885820224,93475.6021962374,107320.60817645554,2.5627806154047987,2.587638723030437,98.1158635551885,77.32890429244071,283.05529623305426,85.95246647626361,11.069224560391783,11.444610454585321,9.885190670756076,0.11220693032047836,0.07927216746303938
20,1,8.018006194102082,45.15333766450968,52.741290720912154,8.467176908337182,2.899472944101481,1357.7737392005122,1332.905619587392,524.6465766297674,492.3351415218283,87.90389507187318,39.544292045340946,3.210044604722274,110983.73922736553,117563.65122833752,85305.14755115181,115043.38850198618,87783.82333866235,121895.38545540876,2.466469984885984,2.430490904507254,96.86079662554832,55.56678494898458,-12.562871125679326,34.67266386427057,7.310207277522672,11.049247632114225,9.989058187268178,0.008416809226987466,0.008896449036399433
21,0,7.93283766030189,40.64856240470796,43.90177656064481,5.956743620848398,2.4209788203139455,1318.3351534695435,979.4449637343978,565.6721708174147,545.4163302068858,70.17857014749268,34.90292250691493,14.211096248162331,104523.57139688433,89235.77537427016,106116.72891516276,103604.40395769679,90339.33121967982,98451.15324627813,2.3429727915115404,2.6481909637292738,44.07917101684729,34.41975454883847,82.92316118851085,-91.42793721571672,8.18421586591947,10.765423355550812,10.096220644434986,-0.08500724843717777,0.004957385099365705
22,1,7.881904216987383,39.08328229963128,47.99555450786094,6.95451624463486,2.6564142298671216,1451.7872485330797,1408.2304364294905,639.723342064355,489.91090735186253,58.38145164732079,38.25873146891657,8.909331388823226,88341.33730123902,121068.51566388563,101856.03924933943,87081.57669958871,105608.17321488558,112429.59160125483,2.3208187808800034,2.4161322373838408,75.52989122269202,55.39015390666323,114.70812042132067,19.647252020761954,10.950650870227912,10.99020410169029,9.993582046514728,0.00874710845379998,0.012943308365164538
23,1,8.833962905906645,41.37607734290587,43.418624459340414,5.972081535426479,2.7033948752240677,1519.9042970819555,1205.1886488352288,696.6943187248734,538.5240939923831,82.60435508990331,37.592374446853405,16.020277238133428,113490.51951358482,87604.46065026823,104102.29353937767,107447.07324227468,122358.2457054939,120814.10194682142,2.3392461115028635,2.3800603405699152,7.572802023096365,97.23468570444595,46.67320540137911,62.81008053301373,6.937146406492484,10.842253033695298,9.998999523344345,0.007802806447246773,0.011057229703235293
24,1,8.931080129422844,39.3530318665935,46.47447738200866,9.889638464128058,2.9364661108009624,1524.1288184268667,1200.6031847226252,609.7496291167878,418.48546865064185,59.06418833178992,35.580294248952185,18.00005808701757,115335.00765201193,109827.63295229302,111811.38940687757,97777.49301728178,105872.83604212626,103557.93331184692,2.3653601441884144,2.488109605621966,78.1444928128157,42.894016818617594,-59.64160963764637,-5.645638806779967,9.329997579684571,10.679226217465736,9.996534250847304,0.008319520563415847,0.01090231755791443
25,1,9.62168391304038,47.31478377419294,38.633063470064776,9.604455524584802,2.7734245701226805,1730.2310515199429,1424.2420458429358,681.041784091632,453.99425866555544,83.29989012571482,39.49734634781317,29.7072365567699,103901.82288967102,100840.19066602207,112431.82348744334,91558.64104440967,91923.16349840304,110658.14579858992,2.401266794702237,2.4743887290833504,-40.15405594512483,54.95095917903105,-36.71431267165289,104.93473716122682,8.084519609997924,11.160814131860372,9.994859939564424,0.005453320535350616,0.0027204819057881392
26,0,2.219243901285261,37.33562037985035,51.4865461113001,8.652954566070015,2.5160143544610367,1421.9066308532945,1322.716133721156,444.5263773283831,388.945685421505,70.34368715094469,42.80441703866979,15.700981272709202,91227.59797396869,79968.40270100196,104347.15464097257,112427.78398266717,87893.8443987593,111591.69388638821,2.6510829107151355,2.454788230151527,-21.66505948319559,120.45838785192349,224.76582366414814,146.9783559535412,7.122290636429126,11.77628531144924,9.91335889294527,0.1757329086373709,0.11714400112245726
27,1,8.714604879896253,37.06254614732605,46.276946651198976,6.861815539589427,2.925081733061481,1345.893992592652,1467.955828900029,447.45232888806754,696.7503341900529,70.89014633829868,32.1093661818495,23.05540574609963,111598.02575060309,111815.03558566335,132545.60149475565,121215.87562453153,92549.25888539005,124042.58905808242,2.4838829198091816,2.4767764173098876,30.871007691991196,32.11760528379278,29.108615753126678,-9.732266658595623,6.7826929923942725,10.73411933286745,9.998484268174655,0.008948512299786512,0.008374284746631827
28,0,11.884274184971169,33.46756023317976,38.888788361817895,6.996887961312851,2.319415642338916,1536.001048102688,1323.5312729543018,441.08045422246715,500.45482590877066,78.72669403890963,32.47338917913347,25.439044862820843,86065.11438445805,98585.65941864629,104709.67824579439,96735.81378034418,103907.062744576,122064.03916652182,2.400133610416295,2.6521438730316698,291.5243461918917,2.2676688015912987,257.9249915294541,-42.16520334719402,1.887833670844154,11.109327524985051,9.831320295567966,-0.038339637228413034,0.5446852458744457
29,0,5.092963578581826,44.99323377013295,43.55486926073277,15.523842259630975,2.711855330330023,1261.9571699514092,1110.9231588893394,642.1379307841813,523.1254500422395,68.69101987410406,31.95203390423315,17.638862392036597,71752.24792075479,105356.65959777578,100461.26394068613,91603.87780952606,96267.30678951001,139710.88665636582,2.477940633799334,2.455112296212828,-2.727234026244588,-1.8118056487526673,41.551760508233016,177.58167606188297,9.651261389494044,11.657902962618465,9.690368955501414,-0.025890926933158295,0.10805627317829572
30,0,9.132442890669601,43.608417598597995,45.6501647849117,13.800295938979753,2.868930373535454,1522.4053674729694,1113.4913332388612,607.454065050456,656.3217109962332,52.64058056559033,26.106809123507944,21.017518702488594,105206.3832182768,106956.29668288305,115611.38769335236,101664.42382445635,114478.65824040918,113449.63919699838,2.4444480730571634,2.4872455124276693,161.57776834785682,73.77149680391962,181.35072066434722,238.8903152458151,5.596241163250547,11.08014508962704,10.221995293804117,0.5041944068957213,0.2704545934667586
31,1,6.852311099058858,44.64181650362905,44.6994960265602,8.797851404089377,1.9669504345146556,1466.4926106687167,1081.1044181333996,616.1644363968323,479.1816292139612,62.868233954787165,38.10705456490028,0.1481861983877053,108604.31665565066,98966.67659577164,109285.19107340593,115899.94837960815,104229.4778002678,112475.22519339941,2.3402517265597713,2.459385560372368,25.239297830137186,1.2751405230651613,36.96670568151603,54.39091015976189,7.31565819041878,10.722291769538737,9.990325543898729,0.0064534887224995865,0.0041534211562667634
32,1,10.061917908402622,40.21537103539935,50.7117882354037,11.216459351295812,2.7939747804747004,1548.6402586227337,1448.9657571552098,623.4572408577721,579.8071459032592,73.24034929644188,38.98561783111214,8.385767471973065,97094.20276421175,122292.84769797765,119311.76305345804,90004.45205080847,97469.60587051595,114534.99791655382,2.4122523542700662,2.424807860955611,39.334437140159835,54.80437221401849,-38.26715414375711,1.5707461004247278,7.360055428758628,11.234422696201301,9.996037276712912,0.010496076074308715,0.008772289283529208
33,0,15.270887849909293,39.02790110151863,44.190115446770726,14.784148441348142,3.206870802840972,1417.3901087234515,1332.5628735735786,478.2297339059385,390.5401186800502,90.08288568379743,44.21866091814428,7.6274115404068645,81266.32409728934,110100.56606530999,99690.4674358939,88730.66920723567,102471.46753790879,126471.61464571278,2.2452441081326038,2.377975644382376,292.4845882980276,29.76082777088032,87.6859380831197,-156.05733239936956,3.4015241622475907,11.982501227903196,9.828491556944481,0.022346840603117316,0.522931513028498
34,0,5.645349950971526,40.1933607763664,50.03945014445836,11.482456873212453,2.2701107517778065,1517.058719056401,941.5082724874028,693.0702197911916,431.4003659683698,60.33318612276041,39.87746884646717,20.0160252297601,90641.85966278845,100953.71514908143,134537.77654985807,105185.70360455032,102097.7581080912,102696.93348079092,2.604106869741634,2.575738050348012,138.02587378332427,80.86458798224561,343.03239773675006,41.21331898727975,4.647832253178493,11.468179438001497,10.195666229630989,-0.055198313777973754,-0.09113493349979572
35,1,10.881928003533822,42.58991095381637,44.18801078532108,7.621255112409563,3.0616180993506323,1620.271758416987,1109.2143389028656,505.04047063151205,449.5690280331581,62.207873981287136,45.37873981848284,9.387087943480065,95649.94470018733,114403.46225409138,116025.7099287956,94359.656938553,115362.94365052786,118681.81642396953,2.4534865685923504,2.4179637477726508,38.28745152602115,21.29094545719893,13.43787016950819,-48.209018968206294,4.853734975292566,10.778713862094502,9.995904692088256,0.006679856266496687,0.006010410197559773
36,1,8.819758227931523,45.74725730548953,49.85019152177808,11.62141962572296,3.0275151439448122,1268.139395051961,1352.8822387072485,584.3748861189217,548.8687455009127,54.46385294556039,37.6198005511149,28.912045201848954,102105.30871290345,105450.22025894784,109920.74418542963,95989.12670588153,106385.39061990877,102276.18107613506,2.4292409139111353,2.458023575961825,96.78734711008008,94.91451286780273,-16.387974559165496,-18.429882928216234,2.6074832852406864,11.056355762574663,9.995990136669912,0.0028837117013670007,0.008652855044256733
37,1,6.661414618645291,40.9317902276573,50.083610193293254,8.541339747134659,3.260641922224123,1456.989534332433,1176.7323221337772,608.9553526076498,610.0141746999866,75.09554011664729,34.36880061633189,26.823748806276033,101233.04785843528,110479.63166358187,108080.95777351462,108978.29309247008,105687.06172290952,115093.0526085789,2.386952884728788,2.508824245705198,-12.366544716528232,-38.15342674144491,68.61594588300423,-53.80176340505081,4.660120427740015,10.891985849436665,9.99667058766554,0.012595859484834526,0.012605192252829363
38,1,5.664885521081933,43.21458306501262,44.831920791054586,10.448894065073468,2.7575543547460364,977.8580016362489,1136.9231996885246,487.84487507717023,431.71322784281784,74.81357169884114,36.03226438338057,22.172442145824853,103969.90129648332,96257.25396685384,124492.16237986957,99980.55003663554,107629.60943889144,106061.93484336068,2.5042672554531547,2.4810065789954625,72.33177656757229,51.141742780375665,52.90280149357599,82.32715210306652,11.560816424858016,10.967685735528562,9.992273280711428,0.004547819585959742,0.00835626286164585
39,1,10.104592251162595,38.18447225338687,39.16959805049049,9.477619036838844,2.6162582823624643,1483.7284878644318,1188.6417086869299,518.6542130342486,479.79232059288785,73.56993345602518,40.9797147102004,9.593063938500265,122457.77712402078,98912.81875332004,113143.65905389191,98984.61279968495,113399.79640259463,100712.58798328483,2.466892652568444,2.5113665319186533,9.54757809976677,96.81906635362007,46.01300607376497,22.593030925366563,10.031753997936727,10.865336317913961,9.994404731537221,0.01277264558661367,0.01253874303260196
40,1,6.739063591205292,39.863787392825934,47.737431147427415,11.343481142112724,2.858536948310505,1251.937738381,1035.9027036862112,567.7970136292031,489.74567630180553,64.36562187815686,36.541450410720294,18.35413207775459,107520.96763537762,112725.88139356865,123137.9230705603,106408.10821351002,92251.28625862254,92292.41298244215,2.3824213173581956,2.549442887356293,35.43560053823553,10.211505278346579,72.1349026522125,59.46455419304169,4.400441288656279,11.027484252711218,9.99869975873352,0.0047564700047890394,0.007797990507885184
41,0,10.878391141923785,44.576513182732455,48.52925528663978,9.479396025120728,3.212904664241894,1169.936405720585,1299.4792659018428,393.994738977767,431.76094035727846,90.26328807249725,31.715291980954078,6.896369513319694,101558.25895707466,98653.30421876172,103999.0343471346,109969.21143744189,103299.43281508204,107426.5404825123,2.4590972951014147,2.6636076977689576,76.6092588372617,117.71257887900717,-67.63446026999367,2.2439176253981614,-1.5951657856912984,10.463436212250201,9.962388142967624,0.07252269383669482,-0.08880569334653683
42,0,14.103740487356678,34.68419394429782,52.36638172273949,11.13671923568727,2.9640228922020366,1287.1112585389162,1038.65625933918,501.81543056502574,532.2833152507809,80.31143863125293,42.24663358852912,6.841302808973291,94439.79809131878,92892.1141872142,108280.18544707538,78977.66787831466,115066.71023977175,104285.949334139,2.672997478790809,2.4498286148248565,108.60127868663173,108.39540059050739,205.64241685241672,69.03128219741309,7.399444987793936,11.448727327009049,9.902553663547904,-0.0023135770846173243,0.3658070757303161
43,1,8.604564681071688,40.496289546778115,50.94912713557659,7.168155607751691,2.01430509129201,1643.0001117783195,1105.1901384759974,629.9821134962823,403.781505264433,76.60229062300284,28.310441216623396,21.580041101328504,83749.06555537225,110594.80949372484,104716.88157136139,97475.66737368469,90033.22312742661,124914.84906498203,2.4506381812098077,2.640481276155231,67.43872325460741,48.508419056714914,25.070839576028504,8.18396799874538,6.872251535368379,10.992450458377128,9.99606093790582,0.01307230676328431,0.006293170942857635
44,1,6.343772363836244,46.56162818635713,45.50651030973089,6.742365745023314,2.7778332724689485,1236.2766831250212,1468.9658222599207,523.3112614679943,422.67588129429123,67.62639293056927,41.36411075221648,21.14586362574486,93261.79197231522,91214.54942787056,83873.44301994027,113257.82144365099,104433.7960119418,125257.1137411781,2.5223585875044847,2.379147365316236,2.6771683930427344,104.62055436851827,49.04030917189804,101.88019270600213,6.921974229184175,11.062659511819506,9.99578778099987,0.008030932912633326,0.010332927878719422
45,1,7.611456558765764,44.83976125505129,44.55654039849014,5.334796974264135,3.0275565444286316,1253.5036839847085,1350.8215235291825,413.91814762195736,463.3468848690411,77.48018517060709,36.72949200570746,9.099274921618246,100598.09637484603,115893.45230769785,123485.26951209536,101042.43776140061,91212.73433745117,137416.44012069685,2.393678135980074,2.602496550809435,24.880634883123783,43.78702403063726,61.29001616312196,-16.941455836771883,7.755015715293435,10.669262891586309,9.995299807270946,0.007188639530187228,0.01575665311196545
46,1,7.089228648792559,40.2012334477883,43.15809122974766,9.462457835377254,3.1796652447785116,1288.9902043360964,1281.0792893615194,497.2313517960637,417.3745183783166,68.47371852834819,44.25295366135427,6.611156712366146,101796.28302646933,99029.12763219315,111665.71583852322,99811.68833911528,98697.2911037784,108548.97122199328,2.63700018505582,2.5004497909005705,21.810196060101422,19.88818760280755,-14.969402327388377,-39.20306383888371,3.27181317127744,10.82321321732421,9.995109596325154,0.011657624755561162,0.0024996349836113527
47,0,14.533670811977652,39.28374275437893,45.284732414349264,4.728254292456233,2.4679187306394317,1517.7988836195987,1134.3737246078153,383.4527837268652,626.9685957447593,83.23043300767472,34.60275893650871,24.225830530822925,94020.18724440367,101587.2037997268,107259.7295624369,93894.05518457164,88601.81264201908,102325.1590618983,2.4264013087438294,2.5610703424415635,97.74167524051413,125.24467874158718,83.79193853279456,153.9160526655076,7.943824703664989,10.533781197652305,9.833594733907168,0.38512812833699217,0.02897643109675266
48,1,8.538088688283748,42.576059741067006,38.26849765299619,11.439247307398187,2.256144660161532,1286.500888528565,1019.7179247572695,423.71732887328915,501.11041550080114,75.60172167817849,35.05532175356134,11.158117120606741,92838.7281619886,106591.26424527731,99314.78249653862,107923.60659755243,83321.89437340599,108483.45710074923,2.4683325306805197,2.5388769707467707,62.77444639605842,74.33350806823654,68.32645876828057,0.5742788801199552,11.833564315964258,10.900943543392199,9.996689524371254,0.008057346146578916,0.008398028119883771
49,1,6.627260152256897,40.77318435599172,39.23830848667683,5.163234223439186,2.9525019110577495,1587.1508463350929,1339.855690731884,645.4236079323731,594.8206147442978,63.9817271899623,29.340708047376488,11.959744815739365,93914.56908495714,92970.3558078933,110016.31317694721,97482.96842575385,100252.3206215953,116787.45674506424,2.5296594188335315,2.540001618699339,5.874148397170401,63.7569223293236,108.56008434315908,-41.14160816651251,9.771980017507314,10.715670208935505,9.992947871762595,0.013346311118530081,0.002766974776325093
50,0,5.407851442782568,46.288024639877136,45.53845748370836,12.446462274222391,3.061443507668877,1456.100534526493,1244.5271774425435,490.63794320079876,450.9687060028108,80.76589033465389,40.889769971803645,38.339004014813256,91058.5393085304,96868.01050687493,129737.70951989223,94750.20477419574,108944.90238126428,112441.49081419577,2.5751283096159967,2.5496054449274914,166.57830396774432,140.0384719214417,-44.74805228950969,16.89838413645508,6.1464880682869545,10.66354635898545,9.878727481477585,0.46643931909644865,0.2966132875881315
51,1,7.567457652818501,45.41762731982175,49.840115560764566,7.718521949481743,3.2293402419322095,1366.371785899801,1259.6151410749494,628.2512938013607,476.6670140900546,48.41460937429484,35.27233492601844,5.590457678065036,82588.35174125074,104408.03302070904,121869.60655805345,110985.22305760084,104675.83649125524,123600.44213848512,2.346102405460856,2.5945411129038667,15.867415606940103,-2.2125494492307496,30.12887213452589,61.97549970847868,8.61257335526223,10.970131891242993,9.99624499894997,0.001798807949169202,0.01236505591485665
52,0,13.88794755433198,39.425188066618375,45.28334542293723,13.382473331277609,2.343517666872556,1414.8701181841002,1199.4815579132405,468.6171227056027,530.4253292733155,86.490319913404,25.091999472495324,18.123896809048727,73574.12379610274,102563.84613083661,117745.09655865222,103777.81850141233,115755.6662399039,101633.40035538882,2.5035390499041603,2.6392722976276253,201.4661727943225,-30.174486940783098,130.99906143283903,199.80802248248384,5.423441493145732,11.295779948738899,9.740628796461657,-0.06062884981328487,-0.09801839550038695
53,1,9.446072559542829,39.221905517065544,43.61254057851438,8.603212376985425,3.1649209157858396,1156.8635592661228,1209.0757605167603,514.5562259886229,654.670255782383,71.57095598889082,35.35383317752833,9.906763404011594,86804.96698027918,87675.73052138455,99011.6486201642,89850.14958963254,97800.7676817658,113936.4370710732,2.442435774621721,2.6054305537138065,60.51093136502642,80.73178622284459,-19.728979803460415,116.38644251969906,11.047617011236136,10.791334438830138,9.99593960586703,0.02182893163215707,0.007661759892699006
54,0,11.471823965215181,49.08651286555343,45.94716742426402,10.306743607340689,1.6415617060656353,1365.372003480095,1449.9960317787359,592.3728719631096,475.4367023335873,56.85529975563619,33.0583170240918,-2.0090385948115586,96733.25544435404,81054.7420182538,121373.3180176231,92288.1879016981,93967.46208660374,122767.12303136878,2.2584575241887728,2.625173597836749,94.73422609198903,60.916429128595894,71.33948673117426,-11.32112158823503,3.1214464031209137,11.446876167786101,9.91170800793702,0.2321364837076778,-0.148557391523312
55,0,9.67190159045639,48.15975212737917,44.737301995825625,13.797205681889558,2.3127193132847474,1221.6869167529835,1013.5176042919283,345.697487200307,458.9780625048614,97.20019107709591,27.99823155275489,21.854420570552993,107253.22264646187,110623.92486796856,120962.77925344699,109244.84921851222,99057.89865604605,97894.81115912943,2.4703308106147883,2.5342212923023593,192.08159969735635,157.29015756053178,135.00180900163264,1.1684993663887155,7.935910162107922,11.901993259367899,9.985042704874347,0.31753237663486833,0.10367769266806587
56,1,11.503396230539458,42.67124481648705,48.7432830901166,8.755619184677593,3.305781874011493,1469.8893081025185,1306.98725263115,596.2956836729489,535.5655118336405,41.033263392172934,35.17682156757657,12.658884806949194,98933.20219985196,101814.87461905609,109480.90345164831,118465.05466272254,98144.13579826582,110822.41062395551,2.541669149738263,2.544013476667014,42.86466643120302,-4.869804179801257,3.7956804435049563,37.47670247538475,7.760470553212055,11.143800092297926,9.996193757220544,-0.0008886006559965347,0.013664843864912918
57,0,14.09604431118876,37.10403161937531,44.50176372417118,8.035946732684854,3.1939209516898535,1354.2049606778585,1175.9749886793863,555.5260957632512,434.62164266458825,73.56957505037977,31.608662784719197,19.83188261884833,109268.96043604412,109659.76521571625,111934.72813575192,87036.29022619406,108297.75974194235,117275.6563350506,2.6528989724079444,2.6855348200110787,187.2922476745036,67.78527812065957,161.67470661372988,90.43042889056547,8.334286800289421,10.935356789786665,10.021602541239082,0.09252366741393042,0.2512054812850071
58,1,8.951562874153634,40.431606600309664,51.6577575554479,7.640815389785173,2.757856953401211,1465.4853911360242,1299.340253546556,590.8671789457221,388.60366557470167,88.21454882844525,31.692545010933525,15.009602634784915,102583.33649294713,103595.74922411551,109658.33441975153,104858.31466142251,112445.04221461306,98868.52587568047,2.4235355101639247,2.5418332805051738,41.42722041527434,0.3498156310740157,84.16677002993092,88.5422644064176,7.465987187353981,10.763608166560322,9.991825064953563,0.009553252530278684,0.008378533043470629
59,1,7.134702581905816,43.60688703889972,48.92534753130035,7.590410322929588,2.374925603472928,1453.1003611614617,1358.3408144058617,544.0902261452809,416.9983043496429,69.32523160514248,35.67738400546907,20.58727877140248,101053.42804580144,82253.0759178182,112090.40410036354,97709.019710755,88510.31278146264,115474.14522430049,2.575310035836188,2.2771794565366545,41.48309293989103,28.168803445257268,16.84781405750055,16.219531622553042,14.667622507946403,11.179600888809889,9.995035255310526,0.0044402522669709735,0.011647700434056217
60,0,7.7349079008070705,49.0819172957096,43.48576422466491,11.502779452056803,2.0415873543645584,1429.3967693525842,1321.4126156861691,368.9575042131148,557.8390472803454,78.11273172866308,32.16840001342581,26.0107317632669,96669.18717911959,103969.03377924512,105224.50371697746,92788.03342378631,84427.4546886277,103661.76031539522,2.3879779407717208,2.497479762140853,55.65487156010589,33.18742612359478,-43.81230967261335,154.92744718898518,10.176372470686365,10.569430707032222,10.206809030218317,0.21415925839576475,-0.3073512531277884
61,0,10.300899291749346,48.56818075178008,51.02819552664486,14.91699920645912,2.4338392702949974,1495.1306395084218,1144.290694773493,419.44762206722214,525.5887856343672,77.21939602359805,44.565767792230055,5.162046008863875,102196.47717770364,98134.48729542535,123487.7092280722,93372.27887629863,94886.41199338829,121346.7500746916,2.3282098365617645,2.4489204756910774,153.32395941837024,-29.02595103379548,114.82518003973414,148.6573378040943,7.3426352114720395,10.575624607194431,10.07229954870984,-0.0008746723581534513,0.35434236814082715
62,0,11.5586832451135,32.39228335658783,44.01507812323285,8.986900679609796,2.9918636882007243,1403.2828329036931,1323.8246967931302,631.8189238109958,448.6101802046773,80.36149882849512,33.85063645280374,5.629633633406009,104077.13674341732,91835.15529095393,113942.64878000205,91187.55914651055,113503.12936050903,105193.98931526292,2.479446184779752,2.430137932040801,103.70762655891889,132.17538465213127,59.34837909079164,51.318958438826506,1.2138780482797422,10.81259674706293,9.953595575613038,-0.03540389506817043,0.3132079297527915
63,1,9.472505430699393,43.20905832305999,46.869488515268316,5.063182469983319,3.63401149103393,1519.638449783491,947.8354124484928,607.4187968157821,462.35990799341954,49.522704377945985,44.1990475889812,16.071307305883156,100649.76176174599,84394.06397139707,110795.42421677001,107372.4630297834,95120.02082943522,100491.56544258895,2.4532389308585874,2.472036015968956,77.84813343582087,-63.3822397383862,3.57926100418916,128.97048192072015,9.389157862401674,11.090813390272656,9.992636679854101,0.010311464901734426,0.0021514081383340964
64,0,15.448122306159695,35.60019399343844,48.96355502137397,2.4945981021673216,2.551702149828841,1468.073527301207,870.1077056475174,531.2482050903342,442.64550009026254,95.21795981362011,19.96568824514118,20.391690614921497,77367.94157797223,111863.3106953873,113799.55901518116,81652.81340647384,106767.48027126097,101868.97878469597,2.4405530039581476,2.470634811851266,62.78638833979656,108.28361879758614,-42.87616999851048,53.17416575004878,4.142748145693254,11.280206273661305,9.733610988544164,-0.2058813596389156,0.379468140780204
65,0,10.78622952694505,46.91761132829752,47.82661262462868,12.612034294985762,2.283351284407852,1154.8398044873686,1025.2492268645542,511.7666415694454,604.1387996670671,69.12989638446412,26.77792905058416,0.07901167605856507,94044.34447106309,113985.23514701339,99613.61628522811,115823.94109413434,103910.34497960412,110571.30264861186,2.5354516318570894,2.546940676087399,-7.1473412655849415,108.22645728944019,-76.31986988686691,-25.734808108502605,4.899510458044702,11.551758418244676,10.195546439478006,0.14655931106994213,0.22868094434505642
66,0,9.32502743611653,35.77956959098575,44.19519555003042,20.91783132356021,2.6571791244144904,1281.5154531172104,1125.1817205927791,507.9436936431229,456.51225044846177,86.72144355702169,43.62260025400261,13.25136628706861,96794.94502489528,109409.97821329716,95948.13072576417,101764.36879734171,118133.16478796914,118027.7277279036,2.5326736983030504,2.5298023016878393,121.79521521632478,68.06602333974872,86.55813795699164,235.57133769640708,9.322004502577101,12.477042241526785,9.97931528875625,-0.20613985410882593,0.0593740749539297
67,0,8.734475160608218,48.01330883415565,47.60757264157898,11.747815040352254,2.7814471992029657,1565.8574801124341,1160.5460848269797,547.0944962801626,603.1603659973082,72.56830843399722,33.095750365691565,18.877035152815658,108330.2602304142,104012.67633413566,116477.14938242601,112089.53238566508,112648.62078402964,109469.00271525393,2.561647101400307,2.553381514112469,73.1814984848949,150.4377264374379,153.1959224607155,-190.5927311791227,6.37676732213796,10.864792476271699,10.266165076175522,0.0692399232002334,0.08993075310350576
68,1,10.329761374932083,47.0679618823485,46.04798978269318,8.51713109207288,3.207981596711048,1339.3531793841687,1226.8927196093637,658.9730560192085,409.3567561877913,90.8152768224144,36.99852559796401,1.1195696422674803,85518.33743297328,96717.88612223105,113345.5726045809,80622.34584205026,114782.33571894394,121198.96088624353,2.4586648200380994,2.42454692947016,14.100994125226013,-14.860048760494017,30.61718048956556,-33.391341968229,8.387608844699393,10.942831537440671,9.995481003563293,0.0063116495966946745,0.008519992764429848
69,0,8.657556428422776,35.00109989515582,52.53541371085639,18.715824183696938,3.4080400023317425,1271.4125188694159,984.4280662436818,592.3886634147907,356.48471590807276,79.99955239664787,34.60808052083795,8.849114360464188,84312.83337976818,99146.98892681343,117174.0313853623,109337.00151162207,96095.31805361123,119323.1487083541,2.3334999217184085,2.405577917720027,43.491455318787416,85.88561732262039,-53.41520403862282,-162.56716293333866,12.298840098562994,10.63430946528901,10.121072827851744,-0.22195550144708334,0.5660931307583246
70,0,8.951895939744244,36.83605181422187,47.58696904429647,8.041027601246428,2.4787769547616954,1257.1065385119823,1084.5928274354517,507.0954839631669,347.1881406010932,75.11780798593954,38.29983484745234,15.924693548973288,106203.73848696671,92797.05686443695,110360.3400352373,81864.10547596033,110244.13099472296,106574.11040883894,2.459009877906147,2.447156484132695,212.84540400517346,74.52817092960012,165.94347375420077,-125.71214731965148,1.5804363974372562,10.275957980458346,10.13316284698387,-0.08707732354202952,-0.20164581253921848
71,0,10.998451053790745,39.38713109004,41.43105419827691,8.766673480064837,2.3429883930135547,1419.2731474242971,1249.4678653600672,680.5399099689218,508.28787780781954,81.275805029288,37.40993546175191,25.172213352263384,89617.35601695094,117368.18046259598,107724.74820001892,99558.12358615016,117536.3762937933,109911.27541456836,2.580233329373201,2.523774690270341,-16.412696928149742,97.46567084065713,285.6655284296962,-95.94751312593746,8.124742932998853,11.07275231048856,9.844185830486513,0.3417101853482758,0.21627690771060448
72,1,8.083470748969917,49.423679467298925,51.36289852420824,8.184836161976875,2.978451312795168,1252.9364825658981,983.4871021582843,499.0223055523201,572.1395953602824,52.896016851717384,31.622978221706553,12.176675998087108,103566.32501584946,93048.20360038435,112661.70510427955,106437.03424052338,111160.0736894978,125018.88481922507,2.5728097698110184,2.4835001261572605,40.09441223253839,0.6606744508169768,4.310952593120724,18.907678536272805,9.137365719872983,10.978951365534641,9.996937379996309,0.011518422699224144,0.007986688647344165
73,1,9.676760219445015,42.32965735765701,45.23963680109162,7.452500115813077,2.396218279076096,1427.8733193194917,1111.8321685237677,559.1697271766529,418.5872811495354,36.003151213860185,30.642904301581883,20.345258901811693,110261.86986721231,109811.08472497606,108892.43995717309,87228.4607393125,125019.43781148779,97332.8034032043,2.6116411931015246,2.3097436515293026,46.31316739323283,6.401629492871145,41.07252805049626,153.8677302191209,7.917132082249125,11.290573226559266,9.999059117343783,0.007833387264381412,0.00714913135914517
74,1,9.457900533363201,44.55432352286146,52.70200361458443,8.47797455941003,2.658449988103628,1548.886776130424,1072.8422342990411,529.935457436754,453.9492006185459,69.77827046946665,33.55314109846428,4.278904015716984,101361.57982676603,85429.02808675374,123774.48941882188,115811.75209290352,91761.98064706745,107501.97399842755,2.549529924230789,2.473477642346691,54.86885150485971,-28.95434390428162,39.903037704504335,33.510129213761616,9.960938716757797,11.12989443719801,9.9942298488508,0.006523231211945292,0.010954095578427997
75,1,8.744836002341328,36.82400376037562,45.101358708545945,5.774561442066013,2.757287352599891,1382.868713895578,1321.3414301431317,526.5371499490727,556.9535019084336,70.45650959426263,37.60370644676948,13.006873795504143,97287.71068262753,119765.94041422154,112050.95035587167,109248.4496715184,91450.51614471345,106688.14192972284,2.652697585311816,2.37417188495349,38.10889732901228,12.843176925989468,65.11143044362585,27.680891172770323,7.625088797043984,10.464130061709458,9.992325043206302,0.010123416246961343,0.005903307787242492
76,1,8.022089335820343,42.53252293142965,46.30365336090535,9.460387554916982,2.269334907267443,1398.1315650137801,1163.873553235004,582.2553805286159,648.5509097277848,69.43820645323335,30.341289105314143,17.680288053666025,115214.19593019638,94963.94157819475,101779.62594897268,87738.75967623109,98851.53380415555,134129.8289956571,2.418994141841048,2.3584884476903762,43.374194445171426,75.04276620976458,22.772484254263006,37.04808821370483,3.259743127621351,10.604384196147418,9.995302897147537,0.009550881697942276,0.00996378731285761
77,1,6.538049943666953,32.79557727201394,45.88104410949739,9.4581980874765,3.0626805432263313,1543.1797307139595,1244.5434738137642,576.7357406187289,589.2963965127884,69.18679930222817,37.78244807984328,14.746855498456801,102425.3643423225,89634.26665310115,101835.00775080941,85691.1326894538,101677.99333386528,103283.45989076814,2.600941111379764,2.5501508471647987,68.97378016501412,6.844951633137541,-3.8113032615339115,182.94609583782446,8.518433107425286,10.835749673848314,9.99567081186271,0.00706772928436071,0.01447930112974072
78,0,8.98098647696233,35.24650189240803,51.51647484927974,11.434001163598989,2.491611328309982,1580.341253738985,1025.2366634111427,445.8566446290189,515.9698638945006,89.00171416832976,36.46409265947316,24.574416309970488,93373.10955279626,76427.03875041234,96918.60819317822,113193.49989946454,103650.6534844484,119807.5409395269,2.371376133637622,2.3757804045540345,109.83975023941977,152.66648514344325,-31.255425456669713,108.99601927002844,-0.8006392658188002,10.938980069052368,10.020368263784306,0.028840520215821938,0.24568174696505146
79,1,11.029756770465202,42.78160928583728,42.34441496260227,9.7197887791005,3.358395629576909,1367.4497182758155,1178.5976987264542,559.8103124620426,410.83809832121165,75.16697060490516,37.41623966357785,14.552005755894333,88057.69789488174,91728.12768153977,101487.02151342173,106826.88899673136,95582.61390778168,118913.43971021175,2.5445014002150135,2.6323082642787123,22.313022907855853,25.644036862068035,40.68410739911567,-16.62405676546742,7.877958651408157,11.027064068223378,9.99273613304402,0.014023171277069563,0.01043342238931525
80,1,9.136456093291073,40.49173245378516,47.87273523125297,10.721898327425663,3.2441876670638417,1174.9033720166726,896.8120905206347,560.2920386869347,525.694979131625,80.17930889557412,39.532351766427,16.8445436052102,106711.69494040405,114870.10618882877,121328.29763209974,111680.12181566213,121550.02741571813,104916.52715458118,2.4417700054141065,2.5198468319200766,38.0668961464247,72.85829244369612,21.308243912102306,39.196342653985496,5.998392589018118,10.923360935529711,9.993895030771945,0.020882034295228658,0.007926579169397546
81,0,9.825941231868507,35.051317287772044,45.67928243111659,7.554180585801211,2.6525533536571593,1462.6977170538094,984.3318455178426,546.2949734756131,502.8825265668968,73.11766292985061,28.747181537080834,23.141486091857423,85201.18048966248,86089.57224480817,77090.10512638939,86351.81504915303,88360.856101892,109616.91975720348,2.520116018746719,2.526852806346561,24.42027656498489,93.83422679955827,-53.614903899708736,10.763412921640644,9.013802225414716,10.960542065177785,9.640749931685818,0.3179940587120412,-0.14320745719932715
82,1,8.894423741887701,43.89914305265781,40.14798908050157,8.54942732234589,3.2443787968579367,1374.4849706569082,1157.7408423023542,678.9414270318484,539.7339508882218,76.01836847241366,41.62541712027091,18.298312482621586,85689.82350787005,109686.98040812505,126080.04681377462,123031.58284664142,102013.61307671467,102216.77256984312,2.4763875332555356,2.437853599400594,17.65227461584243,36.994449293912965,93.41058455000906,-12.946665342374512,7.310112864439639,10.777125232977978,9.99701905928008,0.009398247490919567,0.011204364438275258
83,1,9.778722723655035,44.7543746008657,42.325438402607645,9.266178628277753,3.327817873057562,1314.9361339130362,1266.1653464793444,540.334483975807,439.43059612689893,79.6934734972876,48.6389098908842,34.799793109137845,108602.19906227224,87819.81253614918,124313.327797226,111952.02021231508,106048.83819703298,115040.67862699383,2.453066724914599,2.4685834007643694,96.77369481214907,66.62319812088859,20.367609208553844,34.912646825237914,5.909848150689792,10.686862028129202,9.99292711985233,0.011828965642578702,0.016924199599972267
84,1,7.115887026511638,46.16891827928622,46.842256566876536,6.505730435727683,2.585511523267571,1865.4997862537323,1303.834776119177,666.1158255949174,488.5504553946209,61.1695483435628,39.27760366487479,19.218886421751037,100169.38929479117,107347.81097093303,96980.19349969421,121104.37494457603,108715.1874869135,113337.07323778325,2.447132622166502,2.487482750882276,39.57743483647908,34.12491114983787,71.77802222316218,68.14922937706503,8.20918792036954,10.742939005027816,9.996293550408588,0.018732674811485092,0.009479037785146777
85,0,5.8156950783245245,33.64570466228448,46.769634082062005,5.496100448764209,2.8852850983976897,1469.4308928718872,1110.9460381691752,514.2829368897211,445.0601290987014,83.08350415468472,44.00031836502245,24.329309270174953,90557.6160698059,105012.03845754382,106292.95127746495,111699.53544626983,106068.5094373816,120362.5395034042,2.565388506606861,2.4494574537433498,84.00788405290648,170.84698780857104,32.47614967372,23.276422314840843,8.408467080334766,11.302156436542125,9.97966259353771,-0.10451152208343162,0.16186119366203727
86,0,9.904813500208498,45.014913977411034,38.96215281007015,16.936243843024105,2.5771379490668154,1315.1055322154193,1273.2820456033323,607.5320152340108,575.1547724320639,65.65597419899738,31.887454514725963,32.41563448373821,93695.35691454598,100202.8512716453,113468.97471184548,110906.56109685046,107366.92554963037,96846.8664919296,2.5714965475311344,2.393293459051209,125.5404728183828,60.964593170891405,119.22069955291536,27.210832833784224,7.453527371931457,11.686198099500038,10.09060504619428,0.03219564048590584,-0.12304874797295702
87,1,9.579980120261432,45.17850186741197,54.22098266962134,8.651619530796017,2.5019406275181746,1316.8747723014108,1317.531866532021,534.2428506250151,438.35248169852827,68.33069999051054,38.60836181106951,4.875984171143758,115211.6031530844,94905.30177088818,125309.95454545271,104438.39872104152,98888.14564498082,108663.86426283566,2.526867904276645,2.4941606914392147,33.74935334055556,93.50674843363407,41.46920236170492,-38.84793558611102,6.021569688596288,10.87616201441551,9.995533085637149,0.010110263845501507,0.007468783320777237
88,0,9.26446455920791,35.777356274162216,49.24820539506622,9.089957758069907,2.8399085386097482,1610.9309323635289,912.2029697550297,570.1499065374743,402.28122519878184,74.55448217308304,37.78113488602652,10.155079882359761,106690.10754069072,90052.40824813732,83040.58486194443,104939.68765330309,105741.08938129176,111206.95581980133,2.344841246789092,2.4324138072089094,4.772127308744132,40.2486341853468,79.4131167516725,241.40533579928544,7.331257823585961,11.530299311481087,9.866118264645129,-0.022364728341830897,0.5526593112243673
89,1,10.082443121022735,47.8206225302492,44.98952253146375,10.619302605933957,2.7063743671862213,1047.2040848688673,999.9398600066785,551.7292375797726,474.50696775313355,58.02817402094077,35.71114492679255,13.193502295869127,94140.27887505581,112278.77277637043,129174.52367426452,99506.33323140643,116148.43315674436,119046.03836540756,2.3604003551275095,2.4150831762778284,11.245417515007606,19.113927193707614,20.759787138890523,47.061726621067535,7.337953853969047,10.91363065996612,9.994617382743531,0.005178222894652323,0.01111310487894013
90,0,6.824835328368049,38.647518914256544,49.151656863319076,10.027724071135475,2.780990693272867,1595.0655368516814,1056.2998970296924,586.8720352431928,628.4129536224974,69.21895548566393,38.478276719858215,20.748175027719032,89878.92860944703,105327.88416404792,118208.33790226936,99600.6350401749,101426.13501418152,122615.63473004077,2.3900372831152703,2.5477898799835876,1.0534987874035124,13.205264496114559,-198.69708539559934,110.2240938007668,4.412028534056623,11.115610746921734,9.58613337509022,0.18340380409077794,0.38692386677584006
91,0,11.081585066986113,44.33473386721988,46.86209003621588,11.329956530973316,2.9028459708972245,1266.3006370746516,1152.8328094997098,453.53678037521644,509.59335765960867,88.94515608222886,37.24482145596426,29.619319312404862,101282.3373218044,106362.30808730407,89954.26477671693,96517.3122024762,108499.79659104359,95089.64251449164,2.5051718496174438,2.495445199463011,49.7569200223355,99.66005395313985,157.98556034071936,-20.74448827226867,8.118907332709913,11.17419648600144,10.254341649575318,-0.23804326650545596,-0.0262563103204366
92,1,9.335364377809318,46.74424411665583,42.506992983477105,8.459138327372377,2.5831964503996345,1615.671034401569,1429.2867545755382,566.840670528504,520.4549633004445,90.22929680080705,27.99462515487855,10.632792509615332,91874.93440645582,100861.16952011267,107528.6025814866,97490.54630533565,116594.38371121042,116378.19302167442,2.54549056815266,2.593262650410747,-0.5817548046919754,39.807964717834466,-28.796136115004348,2.134291291102617,11.796150520831535,10.93982268539639,9.995319943825331,0.012783057698449913,0.011450913714675041
93,0,15.873565807860103,40.56116905215482,52.24202257417147,6.2144496528644995,2.640421312253294,1484.1286718858896,833.1812023387447,489.1026870674331,512.4348944433862,62.01960297445406,34.783084732559836,20.431957198388375,87729.66441879274,106021.56644568009,122852.79286152263,96879.12591109515,109933.87748644045,104744.52554984322,2.3847067620927835,2.49063603551207,116.5841370775749,-43.97900885684828,300.7512054015569,180.07635870830407,3.9353838227035887,11.793943337815186,9.881268541058645,0.1231819803280494,-0.22682889864449196
94,0,12.488405094393057,42.47473821159983,45.18690263923318,14.591222508680934,2.4496318589757062,1334.8300867613723,754.3385570733869,664.3330690304902,419.8660029854449,67.69365187832634,32.132724453997064,10.030933287961078,96893.74722853492,100771.73448631835,100853.99875624767,89356.07564526811,94695.15632889676,108068.60046827015,2.3189402930354914,2.4111522434729293,126.07618901949886,56.31414598596294,143.44168038504006,161.9185354503182,-4.188272782933593,11.093726925542247,9.881995186871068,-0.059550272989526656,0.11459820965270892
95,1,7.615161569391575,43.620284133522425,47.35849518552214,8.7177976062446,2.7372656610480517,1473.7518344043428,1290.8637571516415,593.4808874301602,480.0589029488508,65.4032863922072,33.96428848850745,11.388136924417413,107873.4155396617,106958.3705403931,102823.70214124034,116577.0499666039,104921.88838699111,121382.21199830448,2.5318928038451456,2.6030229207963,-1.2811938396696618,110.3292750319934,67.15379522102714,31.84544690756555,7.800376069897671,11.038702757129586,9.99503848536358,0.0103360993598679,0.00732618371531389
96,1,8.551381762230307,35.22571224698075,49.27647717231182,8.68380657490656,3.0321733107570368,1425.5913022688583,1083.5586570423106,580.8620502970722,335.47356178403186,53.23280962472613,36.76587946353297,17.213535169752326,91079.70253047507,93252.95579793376,120158.66502098383,94902.90098388768,111519.16738479027,111992.66395238573,2.6352488252546395,2.5144620025589908,11.492565365392522,58.03241637522684,78.90252553419509,48.837905914025285,11.639548280267249,10.760278844739927,9.993920836041188,0.0017337679330594064,0.0050463235296819
97,0,14.929537162780559,42.01164695327648,40.03730270709546,14.613272988628296,2.2771612475132477,1475.6760855555603,1269.4664399540238,493.9509799459048,442.1904953474877,62.01857067708833,50.272895488077495,7.566693609904045,77497.07471669532,103648.97996266736,100019.0376160666,106180.02988622949,89230.20849532908,118394.13446047073,2.2830875731515716,2.475216501885234,252.52037090100762,55.75688350925456,64.62895418426531,3.7250024803023294,3.2387227574296285,10.729251577222293,9.883328734440951,-0.1897793905210851,0.04741760065216878
98,0,13.277814427780111,42.16270363754127,40.16331125515424,11.582272345715944,3.361996870695653,1302.431015442312,1074.5823621488373,579.7572800809176,528.8282932552506,83.63771057830506,38.844732452130366,1.410669817986685,116203.99224616298,125332.89919484698,88178.8510742712,85677.57100941458,104568.3950425341,122311.44319362903,2.5538458691174353,2.4871730517508803,34.599724708526786,58.08436783959523,-48.13442452490564,42.16965238044693,7.564028154777699,10.58953793693962,10.07175783539146,0.07580562312449102,-0.4792330086637275
99,0,8.804026110257448,41.9791577627184,47.33101466505369,9.862745001938894,2.447938125313843,1202.5624417106292,1081.4394140647776,508.0286088925395,445.3002889097987,59.17835637692447,35.867906464915094,2.8334374399825073,118785.36596419751,75467.62242648531,110585.52568447929,93931.85467863119,110912.65960218369,111414.9190902934,2.439381476166452,2.4490460856196252,-15.185994125882573,124.71462636378817,263.0636657920053,259.39274445101165,13.049323577730346,11.352658980780701,9.854523740434445,0.04162104586934693,0.2155743301441187
